id,spkid,full_name,pdes,name,prefix,neo,pha,H,diameter,albedo,diameter_sigma,orbit_id,epoch,epoch_mjd,epoch_cal,equinox,e,a,q,i,om,w,ma,ad,n,tp,tp_cal,per,per_y,moid,moid_ld,sigma_e,sigma_a,sigma_q,sigma_i,sigma_om,sigma_w,sigma_ma,sigma_ad,sigma_n,sigma_tp,sigma_per,class,rms
a0000001,2000001,     1 Ceres,1,Ceres,,N,N,3.4,939.4,0.09,0.2,JPL 47,2458600.5,58600,20190427,J2000,0.076009027,2.769165149,2.558683601,10.5940672,80.3055309,73.5976947,77.37209752,2.979646696,0.213885227,2458238.754,20180430.25,1683.145703,4.608201787,1.59478,620.6405326,4.82E-12,1.03E-11,1.96E-11,4.61E-09,6.17E-08,6.62E-08,7.82E-09,1.11E-11,1.20E-12,3.78E-08,9.42E-09,MBA,0.43301
a0000002,2000002,     2 Pallas,2,Pallas,,N,N,4.2,545,0.101,18,JPL 37,2459000.5,59000,20200531,J2000,0.229972259,2.773841435,2.135934854,34.83293159,173.0247412,310.2023924,144.9756755,3.411748015,0.213344586,2458320.962,20180721.46,1687.410992,4.619879512,1.23429,480.3486393,3.19E-08,4.03E-09,8.83E-08,3.47E-06,6.27E-06,9.13E-06,8.86E-06,4.96E-09,4.65E-10,4.08E-05,3.68E-06,MBA,0.35936
a0000003,2000003,     3 Juno,3,Juno,,N,N,5.33,246.596,0.214,10.594,JPL 112,2459000.5,59000,20200531,J2000,0.256936435,2.668285288,1.98270558,12.9910435,169.8514825,248.0661933,125.4353546,3.353864996,0.226128698,2458445.792,20181123.29,1592.013769,4.358696149,1.03429,402.5146393,3.05E-08,3.47E-09,8.14E-08,3.22E-06,1.66E-05,1.77E-05,8.11E-06,4.36E-09,4.41E-10,3.53E-05,3.11E-06,MBA,0.33848
a0000004,2000004,     4 Vesta,4,Vesta,,N,N,3,525.4,0.4228,0.2,JPL 35,2458600.5,58600,20190427,J2000,0.08872146,2.361417894,2.151909451,7.141771088,103.810804,150.7285411,95.86193772,2.570926337,0.271609402,2458247.56,20180509.06,1325.432763,3.628837134,1.13948,443.4514316,2.33E-10,1.51E-09,1.93E-09,2.17E-07,3.88E-07,1.79E-07,1.21E-06,1.65E-09,2.61E-10,4.10E-06,1.27E-06,MBA,0.3998
a0000005,2000005,     5 Astraea,5,Astraea,,N,N,6.9,106.699,0.274,3.14,JPL 114,2459000.5,59000,20200531,J2000,0.190913344,2.57403728,2.082619215,5.367427136,141.5710265,358.648418,17.84634261,3.065455345,0.238661203,2458925.723,20200317.22,1508.414421,4.12981361,1.09575,426.4330275,2.37E-08,3.97E-09,6.09E-08,2.74E-06,2.89E-05,2.98E-05,8.30E-06,4.73E-09,5.52E-10,3.47E-05,3.49E-06,MBA,0.52191
a0000006,2000006,     6 Hebe,6,Hebe,,N,N,5.8,185.18,0.2679,2.9,JPL 89,2459000.5,59000,20200531,J2000,0.203218826,2.424532679,1.931821993,14.73965332,138.6434315,239.7362732,190.6864963,2.917243364,0.261073031,2459649.029,20220310.53,1378.924506,3.775289545,0.973673,378.9243214,1.98E-08,2.75E-09,4.81E-08,2.19E-06,1.12E-05,1.30E-05,7.39E-06,3.31E-09,4.44E-10,2.88E-05,2.34E-06,MBA,0.41032
a0000007,2000007,     7 Iris,7,Iris,,N,N,5.6,199.83,0.2766,10,110,2459000.5,59000,20200531,J2000,0.230145044,2.387375341,1.837932737,5.521598289,259.5639434,145.2015446,247.4258115,2.936817944,0.267191734,2459421.824,20210726.32,1347.347071,3.688835238,0.850693,331.0641948,1.99E-08,2.01E-09,4.75E-08,2.58E-06,2.64E-05,2.71E-05,7.01E-06,2.47E-09,3.37E-10,2.66E-05,1.70E-06,MBA,0.38128
a0000008,2000008,     8 Flora,8,Flora,,N,N,6.5,147.491,0.226,1.025,JPL 118,2459000.5,59000,20200531,J2000,0.155832793,2.201414665,1.85836207,5.889080655,110.8765239,285.4589151,315.318013,2.54446726,0.301752788,2459148.575,20201026.07,1193.029574,3.266336959,0.87598,340.9051366,2.36E-08,2.31E-09,5.18E-08,3.24E-06,2.43E-05,2.66E-05,1.21E-05,2.67E-09,4.75E-10,4.02E-05,1.88E-06,MBA,0.54186
a0000009,2000009,     9 Metis,9,Metis,,N,N,6.3,190,0.118,,JPL 116,2459000.5,59000,20200531,J2000,0.123300238,2.386189446,2.091971719,5.576493847,68.90945926,6.33732452,23.91220404,2.680407172,0.267390943,2458911.072,20200302.57,1346.343282,3.686087013,1.10711,430.8539987,1.84E-08,3.09E-09,4.43E-08,2.01E-06,2.42E-05,2.60E-05,1.04E-05,3.47E-09,5.19E-10,3.87E-05,2.61E-06,MBA,0.44895
a0000010,2000010,    10 Hygiea,10,Hygiea,,N,N,5.5,407.12,0.0717,6.8,JPL 96,2459000.5,59000,20200531,J2000,0.11211732,3.142435384,2.79011395,3.831786066,283.1984443,312.4129317,222.8505434,3.494756817,0.176931247,2459775.657,20220715.16,2034.688644,5.570673906,1.7803,692.839351,1.63E-08,6.92E-09,5.10E-08,2.17E-06,2.86E-05,3.02E-05,1.12E-05,7.70E-09,5.85E-10,6.48E-05,6.72E-06,MBA,0.53434
a0000011,2000011,    11 Parthenope,11,Parthenope,,N,N,6.5,142.887,0.191,1.008,JPL 106,2459000.5,59000,20200531,J2000,0.099823315,2.452389779,2.207584102,4.631824772,125.5283793,195.3590505,21.70182202,2.697195457,0.25663733,2458915.938,20200307.44,1402.757738,3.840541378,1.19498,465.0503666,3.07E-08,2.41E-09,7.57E-08,3.42E-06,2.48E-05,2.78E-05,1.20E-05,2.65E-09,3.78E-10,4.69E-05,2.07E-06,MBA,0.46367
a0000012,2000012,    12 Victoria,12,Victoria,,N,N,7.3,115.087,0.163,1.199,JPL 119,2459000.5,59000,20200531,J2000,0.220439092,2.333777699,1.819321863,8.372748679,235.4010329,69.6942219,243.8347335,2.848233535,0.276448887,2459420.705,20210725.21,1302.229877,3.565311093,0.82468,320.9407156,2.45E-08,2.37E-09,5.73E-08,2.52E-06,1.90E-05,1.99E-05,7.39E-06,2.89E-09,4.20E-10,2.71E-05,1.98E-06,MBA,0.54993
a0000013,2000013,    13 Egeria,13,Egeria,,N,N,6.8,202.636,0.07,7.87,JPL 91,2459000.5,59000,20200531,J2000,0.085283111,2.576063889,2.356369146,16.53553175,43.2210228,80.4145424,283.0025922,2.795758633,0.238379623,2459323.503,20210419,1510.196194,4.13469184,1.4357,558.731369,3.27E-08,3.47E-09,8.39E-08,3.78E-06,1.28E-05,2.58E-05,2.22E-05,3.77E-09,4.82E-10,9.32E-05,3.05E-06,MBA,0.56183
a0000014,2000014,    14 Irene,14,Irene,,N,N,6.5,152,0.159,,JPL 84,2459000.5,59000,20200531,J2000,0.166249875,2.586377164,2.156392285,9.121448014,86.12399137,97.80167129,259.7957126,3.016362044,0.236955224,2459423.383,20210727.88,1519.274374,4.159546541,1.18081,459.5358277,3.01E-08,3.28E-09,7.83E-08,3.50E-06,2.04E-05,2.30E-05,1.10E-05,3.83E-09,4.51E-10,4.67E-05,2.89E-06,MBA,0.53686
a0000015,2000015,    15 Eunomia,15,Eunomia,,N,N,5.2,231.689,0.248,2.234,JPL 78,2459000.5,59000,20200531,J2000,0.186177698,2.643689742,2.151493671,11.75361935,292.9347981,98.59525006,15.02560935,3.135885813,0.229291706,2458934.969,20200326.47,1570.052431,4.298569284,1.1949,465.019233,2.56E-08,3.26E-09,6.75E-08,2.43E-06,1.35E-05,1.50E-05,7.21E-06,3.87E-09,4.25E-10,3.14E-05,2.91E-06,MBA,0.56426
a0000016,2000016,    16 Psyche,16,Psyche,,N,N,5.9,226,0.1203,23,89,2459000.5,59000,20200531,J2000,0.133531198,2.922775578,2.532493853,3.096560393,150.0407118,229.0267876,7.048517615,3.313057302,0.19724721,2458964.766,20200425.27,1825.120871,4.996908614,1.53586,597.7106362,2.94E-08,6.89E-09,8.52E-08,3.74E-06,6.52E-05,6.68E-05,1.61E-05,7.81E-09,6.97E-10,8.16E-05,6.45E-06,MBA,0.36732
a0000017,2000017,    17 Thetis,17,Thetis,,N,N,7.7,84.899,0.193,2.027,JPL 110,2459000.5,59000,20200531,J2000,0.133322728,2.470964691,2.141528938,5.592662174,125.5396698,135.9741481,45.07427258,2.800400444,0.253748956,2458822.867,20191205.37,1418.725047,3.884257487,1.13008,439.7932336,2.68E-08,3.13E-09,6.61E-08,2.90E-06,2.61E-05,2.76E-05,9.73E-06,3.54E-09,4.82E-10,3.82E-05,2.69E-06,MBA,0.54502
a0000018,2000018,    18 Melpomene,18,Melpomene,,N,N,6.6,139.594,0.181,2.452,JPL 108,2459000.5,59000,20200531,J2000,0.217505332,2.295708701,1.796379818,10.13158957,150.3651823,228.0776863,20.4621022,2.795037583,0.28335371,2458928.286,20200319.79,1270.496863,3.478430837,0.813814,316.7119944,2.94E-08,2.30E-09,6.73E-08,3.57E-06,1.92E-05,2.08E-05,9.52E-06,2.79E-09,4.25E-10,3.35E-05,1.91E-06,MBA,0.42644
a0000019,2000019,    19 Fortuna,19,Fortuna,,N,N,7.3,200,0.037,,JPL 130,2459000.5,59000,20200531,J2000,0.15697472,2.442857074,2.05939027,1.572665329,211.0689729,182.2627447,300.3462316,2.826323878,0.258140999,2459231.59,20210117.09,1394.586684,3.81817025,1.06556,414.6839852,2.34E-08,3.28E-09,5.72E-08,2.61E-06,0.00010365,0.00010407,1.09E-05,3.80E-09,5.21E-10,4.24E-05,2.81E-06,MBA,0.49527
a0000020,2000020,    20 Massalia,20,Massalia,,N,N,6.5,135.68,0.241,3.674,JPL 106,2459000.5,59000,20200531,J2000,0.142493783,2.409358167,2.066039607,0.708566914,206.0132179,257.3509375,222.4603219,2.752676727,0.263543328,2459522.386,20211103.89,1365.999295,3.739902245,1.08305,421.4905685,2.17E-08,3.68E-09,5.25E-08,2.37E-06,0.00018852,0.0001887,8.72E-06,4.20E-09,6.03E-10,3.34E-05,3.13E-06,MBA,0.55935
a0000021,2000021,    21 Lutetia,21,Lutetia,,N,N,7.5,95.76,0.2212,4.1,JPL 107,2459000.5,59000,20200531,J2000,0.163389805,2.435272006,2.037373388,3.063966749,80.86663293,249.9973066,87.97582348,2.833170624,0.259347974,2458661.281,20190626.78,1388.096444,3.800400941,1.02901,400.4598217,2.92E-08,3.76E-09,7.15E-08,3.67E-06,6.29E-05,6.41E-05,1.43E-05,4.38E-09,6.01E-10,5.47E-05,3.22E-06,MBA,0.38524
a0000022,2000022,    22 Kalliope,22,Kalliope,,N,N,6.5,167.536,0.166,3.053,JPL 99,2459000.5,59000,20200531,J2000,0.098049766,2.910347528,2.624988633,13.70173622,66.0046455,357.2564762,274.6358419,3.195706424,0.198512014,2459430.52,20210804.02,1813.492252,4.96507119,1.63844,637.6316948,3.52E-08,6.79E-09,1.00E-07,3.77E-06,1.18E-05,1.89E-05,1.64E-05,7.46E-09,6.95E-10,8.34E-05,6.35E-06,MBA,0.43346
a0000023,2000023,    23 Thalia,23,Thalia,,N,N,6.95,107.53,0.2536,2.2,JPL 93,2459000.5,59000,20200531,J2000,0.23475172,2.625114957,2.008864706,10.11400288,66.84479318,60.63247963,68.51282905,3.241365208,0.231729639,2458704.842,20190809.34,1553.534551,4.253345793,1.04616,407.1340872,2.96E-08,4.37E-09,7.88E-08,3.57E-06,1.88E-05,2.02E-05,7.86E-06,5.39E-09,5.78E-10,3.37E-05,3.88E-06,MBA,0.53314
a0000024,2000024,    24 Themis,24,Themis,,N,N,7.3,198,0.067,,JPL 115,2459000.5,59000,20200531,J2000,0.124421895,3.135384857,2.745274333,0.751651383,35.92039172,106.9819101,66.20951499,3.525495381,0.17752838,2458627.548,20190524.05,2027.844791,5.551936458,1.75798,684.1530766,2.78E-08,6.75E-09,8.75E-08,3.04E-06,0.00023361,0.00023393,1.31E-05,7.59E-09,5.73E-10,7.33E-05,6.54E-06,MBA,0.51161
a0000025,2000025,    25 Phocaea,25,Phocaea,,N,N,7.8,61.054,0.35,2.463,JPL 99,2459000.5,59000,20200531,J2000,0.254895614,2.399561513,1.787923808,21.60666639,214.1202778,90.30961999,278.8823407,3.011199217,0.265158921,2459306.421,20210401.92,1357.676367,3.717115309,0.923068,359.2303736,2.84E-08,3.19E-09,6.76E-08,3.14E-06,8.16E-06,1.05E-05,6.92E-06,4.00E-09,5.29E-10,2.65E-05,2.71E-06,MBA,0.44025
a0000026,2000026,    26 Proserpina,26,Proserpina,,N,N,7.5,94.8,0.1966,1.7,JPL 120,2459000.5,59000,20200531,J2000,0.089828319,2.655210373,2.416697289,3.562758698,45.77913563,193.5713965,196.7396739,2.893723457,0.227801023,2459717.18,20220517.68,1580.32653,4.326698234,1.40459,546.6242903,3.34E-08,7.06E-09,8.80E-08,3.44E-06,7.08E-05,7.52E-05,2.73E-05,7.70E-09,9.09E-10,0.00012054,6.30E-06,MBA,0.5143
a0000027,2000027,    27 Euterpe,27,Euterpe,,N,N,7,96,0.215,,JPL 110,2459000.5,59000,20200531,J2000,0.173130987,2.346231774,1.940026352,1.583696215,94.78724434,356.3779279,85.0623535,2.752437197,0.274250675,2458690.337,20190725.84,1312.667688,3.593888262,0.956641,372.295978,2.86E-08,2.77E-09,6.70E-08,2.95E-06,9.84E-05,9.87E-05,9.42E-06,3.25E-09,4.85E-10,3.41E-05,2.32E-06,MBA,0.54191
a0000028,2000028,    28 Bellona,28,Bellona,,N,N,7.2,120.9,0.1763,3.4,JPL 105,2459000.5,59000,20200531,J2000,0.151782123,2.776153051,2.354782648,9.429957208,144.286937,344.0095153,358.7646029,3.197523455,0.213078174,2459006.298,20200605.8,1689.52077,4.625655769,1.37105,533.5715285,3.03E-08,5.11E-09,8.47E-08,3.57E-06,1.59E-05,1.84E-05,1.03E-05,5.89E-09,5.89E-10,4.84E-05,4.67E-06,MBA,0.54576
a0000029,2000029,    29 Amphitrite,29,Amphitrite,,N,N,5.9,189.559,0.216,1.129,JPL 145,2459000.5,59000,20200531,J2000,0.072959119,2.554818381,2.368421082,6.081867523,356.3358682,63.27357027,20.89746563,2.74121568,0.241359293,2458913.918,20200305.42,1491.552262,4.083647534,1.38747,539.9616999,2.90E-08,3.95E-09,7.42E-08,2.94E-06,3.01E-05,3.81E-05,2.29E-05,4.24E-09,5.59E-10,9.50E-05,3.46E-06,MBA,0.55778
a0000030,2000030,    30 Urania,30,Urania,,N,N,7.5,92.787,0.192,2.04,JPL 110,2459000.5,59000,20200531,J2000,0.127728357,2.36508476,2.062996369,2.096022081,307.468645,87.31846225,137.5647324,2.667173152,0.270977985,2458492.84,20190109.34,1328.521207,3.637292833,1.07075,416.7037775,2.69E-08,3.09E-09,6.33E-08,3.04E-06,8.05E-05,8.16E-05,1.31E-05,3.48E-09,5.31E-10,4.81E-05,2.60E-06,MBA,0.48702
a0000031,2000031,    31 Euphrosyne,31,Euphrosyne,,N,N,6.8,267.08,0.053,2.611,JPL 99,2459000.5,59000,20200531,J2000,0.219942091,3.158100281,2.463501101,26.28000542,31.09092835,61.62383237,157.3707674,3.85269946,0.175616452,2458104.395,20171216.9,2049.921834,5.612380107,1.57532,613.0672844,3.03E-08,5.91E-09,9.55E-08,4.16E-06,7.60E-06,1.24E-05,9.70E-06,7.20E-09,4.93E-10,5.36E-05,5.75E-06,MBA,0.51228
a0000032,2000032,    32 Pomona,32,Pomona,,N,N,7.6,80.76,0.2564,1.6,JPL 106,2459000.5,59000,20200531,J2000,0.081634434,2.587221172,2.376014834,5.52163334,220.3867205,339.0706086,127.0513088,2.798427509,0.236839284,2458464.055,20181211.55,1520.018107,4.161582772,1.37386,534.6650962,4.43E-08,8.16E-09,1.15E-07,4.85E-06,4.99E-05,5.82E-05,3.10E-05,8.83E-09,1.12E-09,0.00013053,7.19E-06,MBA,0.56598
a0000033,2000033,    33 Polyhymnia,33,Polyhymnia,,N,N,8.5,52.929,0.24,2.304,JPL 40,2459000.5,59000,20200531,J2000,0.331468949,2.874059607,1.921398089,1.852707895,8.459411056,338.4144877,62.91487089,3.826721125,0.20228348,2458689.477,20190724.98,1779.68067,4.872500124,0.914781,356.0053218,3.96E-08,6.21E-09,1.13E-07,4.49E-06,0.00012338,0.00012348,6.27E-06,8.27E-09,6.56E-10,3.07E-05,5.77E-06,MBA,0.49143
a0000034,2000034,    34 Circe,34,Circe,,N,N,8.6,132.992,0.052,1.033,JPL 79,2459000.5,59000,20200531,J2000,0.10644525,2.686002507,2.400090298,5.497332187,184.343968,330.4944517,216.4433933,2.971914717,0.22389503,2459641.678,20220303.18,1607.896343,4.402180268,1.41137,549.2628629,2.29E-08,5.10E-09,6.13E-08,2.47E-06,3.47E-05,3.80E-05,1.60E-05,5.64E-09,6.37E-10,7.18E-05,4.58E-06,MBA,0.48023
a0000035,2000035,    35 Leukothea,35,Leukothea,,N,N,8.6,103.055,0.066,1.201,JPL 53,2459000.5,59000,20200531,J2000,0.225308204,2.994191155,2.319575324,7.932409877,353.7187615,213.4265346,291.3024208,3.668806985,0.190232532,2459361.624,20210527.12,1892.420794,5.18116576,1.32064,513.9534688,3.06E-08,6.42E-09,9.20E-08,3.66E-06,2.50E-05,2.62E-05,9.10E-06,7.86E-09,6.12E-10,4.84E-05,6.09E-06,MBA,0.45028
a0000036,2000036,    36 Atalante,36,Atalante,,N,N,8.5,132.842,0.036,0.532,JPL 91,2459000.5,59000,20200531,J2000,0.305101221,2.747268315,1.909073396,18.36902183,358.2052822,47.81236788,26.32019653,3.585463233,0.216447442,2458878.899,20200130.4,1663.221318,4.553651794,0.959687,373.4813898,4.72E-08,7.20E-09,1.31E-07,5.99E-06,1.26E-05,1.50E-05,8.18E-06,9.40E-09,8.51E-10,3.75E-05,6.54E-06,MBA,0.43355
a0000037,2000037,    37 Fides,37,Fides,,N,N,7.3,108.35,0.1826,1.9,JPL 124,2459000.5,59000,20200531,J2000,0.175645294,2.642047372,2.177984184,3.07092679,7.258070034,62.77227177,73.39732561,3.106110561,0.22950554,2458680.694,20190716.19,1568.589586,4.294564232,1.19434,464.8012978,3.10E-08,4.07E-09,8.24E-08,3.80E-06,6.85E-05,6.94E-05,1.17E-05,4.78E-09,5.30E-10,5.10E-05,3.62E-06,MBA,0.52676
a0000038,2000038,    38 Leda,38,Leda,,N,N,8.5,92.255,0.055,0.49,JPL 107,2459000.5,59000,20200531,J2000,0.154741717,2.738640132,2.314858257,6.971279059,295.722236,169.2407835,91.97851652,3.162422008,0.217471135,2458577.554,20190404.05,1655.392103,4.532216571,1.3321,518.413357,3.66E-08,6.06E-09,1.00E-07,3.98E-06,3.15E-05,3.37E-05,1.23E-05,6.99E-09,7.21E-10,5.63E-05,5.49E-06,MBA,0.43828
a0000039,2000039,    39 Laetitia,39,Laetitia,,N,N,6.1,179.484,0.269,1.685,JPL 106,2459000.5,59000,20200531,J2000,0.111456827,2.768872117,2.460262418,10.37001347,156.9480424,209.3062766,26.96825619,3.077481817,0.213919181,2458874.433,20200125.93,1682.878546,4.607470351,1.46278,569.2700926,3.26E-08,4.39E-09,8.96E-08,3.54E-06,1.94E-05,2.51E-05,1.69E-05,4.88E-09,5.08E-10,7.88E-05,4.00E-06,MBA,0.41993
a0000040,2000040,    40 Harmonia,40,Harmonia,,N,N,7,111.251,0.22,0.391,JPL 117,2459000.5,59000,20200531,J2000,0.047191657,2.266890393,2.15991208,4.257392586,94.18886406,269.4974294,223.2722073,2.373868706,0.288774135,2459473.977,20210916.48,1246.649048,3.413139079,1.16168,452.0910056,2.82E-08,2.53E-09,6.42E-08,3.03E-06,4.20E-05,5.35E-05,3.38E-05,2.65E-09,4.83E-10,0.00011738,2.09E-06,MBA,0.42757
a0000041,2000041,    41 Daphne,41,Daphne,,N,N,7.4,205.495,0.059,1.881,JPL 129,2459000.5,59000,20200531,J2000,0.275032292,2.761286297,2.001843398,15.78819191,178.0724825,45.93172821,220.2537875,3.520729196,0.214801306,2459651.084,20220312.58,1675.967464,4.588548841,1.02782,399.9967094,1.95E-08,5.68E-09,5.45E-08,2.01E-06,8.88E-06,1.02E-05,7.15E-06,7.24E-09,6.62E-10,3.51E-05,5.17E-06,MBA,0.44541
a0000042,2000042,    42 Isis,42,Isis,,N,N,7.5,110.997,0.139,1.378,JPL 103,2459000.5,59000,20200531,J2000,0.223046779,2.442059509,1.897366001,8.514364926,84.19775734,237.2569036,306.8146322,2.986753018,0.258267471,2459206.431,20201222.93,1393.903765,3.81630052,0.900072,350.2810202,2.97E-08,3.24E-09,7.26E-08,3.37E-06,2.17E-05,2.30E-05,9.50E-06,3.96E-09,5.14E-10,3.70E-05,2.78E-06,MBA,0.54581
a0000043,2000043,    43 Ariadne,43,Ariadne,,N,N,7.9,71.34,0.234,1.254,JPL 114,2459000.5,59000,20200531,J2000,0.168434577,2.203158413,1.832070357,3.471363185,264.8093082,16.34933292,258.3900063,2.57424647,0.301394613,2459337.633,20210503.13,1194.44736,3.270218643,0.815921,317.5319756,3.45E-08,3.31E-09,7.61E-08,3.99E-06,6.41E-05,6.52E-05,1.34E-05,3.87E-09,6.80E-10,4.49E-05,2.69E-06,MBA,0.53063
a0000044,2000044,    44 Nysa,44,Nysa,,N,N,6.9,70.64,0.482,4,JPL 117,2459000.5,59000,20200531,J2000,0.14799278,2.424859145,2.0659975,3.710079489,131.494749,343.8645059,186.5544324,2.78372079,0.261020309,2459664.991,20220326.49,1379.203027,3.776052093,1.08264,421.3310088,3.32E-08,3.82E-09,8.02E-08,3.67E-06,5.20E-05,5.33E-05,1.20E-05,4.39E-09,6.17E-10,4.65E-05,3.26E-06,MBA,0.56302
a0000045,2000045,    45 Eugenia,45,Eugenia,,N,N,7.5,202.327,0.045,2.168,JPL 107,2459000.5,59000,20200531,J2000,0.084164523,2.719269795,2.490403749,6.605580976,147.6001805,87.79616669,126.6509968,2.948135841,0.219798956,2458424.287,20181101.79,1637.86037,4.484217305,1.49003,579.8749751,3.21E-08,5.71E-09,8.83E-08,3.39E-06,3.12E-05,3.74E-05,2.06E-05,6.19E-09,6.92E-10,9.36E-05,5.16E-06,MBA,0.4876
a0000046,2000046,    46 Hestia,46,Hestia,,N,N,8.5,131.471,0.046,0.737,JPL 157,2459000.5,59000,20200531,J2000,0.172301751,2.525194782,2.090099299,2.350036609,181.0771721,177.383031,168.1565817,2.960290266,0.245618881,2458315.876,20180716.38,1465.685366,4.012827834,1.08634,422.7709378,2.89E-08,3.85E-09,7.26E-08,3.01E-06,8.10E-05,8.17E-05,1.19E-05,4.52E-09,5.62E-10,4.79E-05,3.35E-06,MBA,0.49585
a0000047,2000047,    47 Aglaja,47,Aglaja,,N,N,8.1,168.174,0.082,1.222,JPL 115,2459000.5,59000,20200531,J2000,0.129947004,2.88227373,2.507730894,4.974553597,3.066450851,314.8373121,132.705722,3.256816565,0.201419373,2458341.647,20180811.15,1787.315666,4.893403602,1.49781,582.9027177,3.00E-08,7.06E-09,8.67E-08,3.84E-06,3.98E-05,4.28E-05,1.65E-05,7.98E-09,7.40E-10,8.14E-05,6.57E-06,MBA,0.4514
a0000048,2000048,    48 Doris,48,Doris,,N,N,7.1,216.473,0.065,4.757,JPL 171,2459000.5,59000,20200531,J2000,0.072263574,3.109514977,2.884810311,6.547932948,183.5526368,252.8414897,141.5085436,3.334219643,0.179748425,2458213.241,20180404.74,2002.799186,5.483365328,1.90855,742.7504035,2.81E-08,7.29E-09,8.68E-08,3.05E-06,2.84E-05,3.66E-05,2.32E-05,7.81E-09,6.32E-10,0.00012887,7.04E-06,MBA,0.51614
a0000049,2000049,    49 Pales,49,Pales,,N,N,7.8,166.252,0.048,2.166,JPL 82,2459000.5,59000,20200531,J2000,0.221379014,3.097694335,2.411929818,3.201813251,285.0550532,112.9573006,312.0438784,3.783458853,0.180778272,2459265.776,20210220.28,1991.389758,5.452128017,1.4218,553.321906,3.54E-08,7.66E-09,1.07E-07,3.78E-06,7.08E-05,7.14E-05,9.53E-06,9.36E-09,6.71E-10,5.31E-05,7.39E-06,MBA,0.52237
a0000050,2000050,    50 Virginia,50,Virginia,,N,N,9.2,84.074,0.05,0.242,JPL 110,2459000.5,59000,20200531,J2000,0.285862092,2.649431522,1.892059484,2.837908581,173.5208681,200.0119462,250.0164934,3.406803559,0.228546737,2459481.73,20210924.23,1575.170158,4.312580858,0.89299,347.5249183,2.87E-08,4.00E-09,7.60E-08,3.40E-06,6.77E-05,6.79E-05,7.29E-06,5.14E-09,5.17E-10,3.27E-05,3.56E-06,MBA,0.47412
a0000051,2000051,    51 Nemausa,51,Nemausa,,N,N,7.6,138.159,0.105,0.966,JPL 119,2459000.5,59000,20200531,J2000,0.067771081,2.364959451,2.204683594,9.978931794,175.9651765,2.252285928,204.7830982,2.525235309,0.270999522,2459573.257,20211224.76,1328.415625,3.637003765,1.20845,470.2924865,1.86E-08,2.43E-09,4.43E-08,2.06E-06,1.59E-05,2.71E-05,2.18E-05,2.60E-09,4.18E-10,8.06E-05,2.05E-06,MBA,0.46794
a0000052,2000052,    52 Europa,52,Europa,,N,N,6.4,303.918,0.057,3.501,JPL 100,2459000.5,59000,20200531,J2000,0.110441969,3.094249387,2.752514392,7.478465253,128.6006928,343.366455,309.8657103,3.435984382,0.181080258,2459277.362,20210303.86,1988.068743,5.443035573,1.77,688.8309,2.75E-08,6.52E-09,8.51E-08,2.82E-06,2.21E-05,2.54E-05,1.27E-05,7.24E-09,5.72E-10,7.07E-05,6.28E-06,MBA,0.51353
a0000053,2000053,    53 Kalypso,53,Kalypso,,N,N,8.9,97.262,0.031,0.636,JPL 160,2459000.5,59000,20200531,J2000,0.204808142,2.618931682,2.082553151,5.171677858,143.517931,313.4848824,157.2710311,3.155310214,0.23255079,2458324.213,20180724.71,1548.048922,4.238326959,1.10331,429.3751527,3.26E-08,4.99E-09,8.57E-08,4.31E-06,4.18E-05,4.26E-05,9.01E-06,6.01E-09,6.65E-10,3.75E-05,4.42E-06,MBA,0.46115
a0000054,2000054,    54 Alexandra,54,Alexandra,,N,N,7.8,160.12,0.041,0.635,JPL 169,2459000.5,59000,20200531,J2000,0.197302575,2.71102796,2.176135163,11.79820863,313.2467646,345.0504794,106.624266,3.245920757,0.220802039,2458517.605,20190203.1,1630.419729,4.463845938,1.16282,452.5346594,3.61E-08,6.54E-09,9.85E-08,4.18E-06,1.79E-05,2.02E-05,1.10E-05,7.83E-09,7.99E-10,4.90E-05,5.90E-06,MBA,0.463
a0000055,2000055,    55 Pandora,55,Pandora,,N,N,7.7,84.794,0.204,2.501,JPL 73,2459000.5,59000,20200531,J2000,0.143246422,2.760437589,2.365014782,7.17940419,10.36964233,5.385958668,86.99154515,3.155860397,0.214900376,2458595.701,20190422.2,1675.194837,4.586433503,1.36622,531.6918374,3.02E-08,5.73E-09,8.39E-08,3.56E-06,2.89E-05,3.18E-05,1.40E-05,6.55E-09,6.69E-10,6.46E-05,5.22E-06,MBA,0.34422
a0000056,2000056,    56 Melete,56,Melete,,N,N,8.5,121.333,0.057,0.947,JPL 109,2459000.5,59000,20200531,J2000,0.238393693,2.596709989,1.977670705,8.080138426,192.9749877,104.9898161,340.841858,3.215749274,0.235542294,2459081.836,20200820.34,1528.387932,4.184498103,0.981015,381.7816076,3.21E-08,4.74E-09,8.35E-08,3.98E-06,2.64E-05,2.76E-05,9.23E-06,5.88E-09,6.46E-10,3.92E-05,4.19E-06,MBA,0.46224
a0000057,2000057,    57 Mnemosyne,57,Mnemosyne,,N,N,7,112.59,0.2149,2.8,JPL 36,2459000.5,59000,20200531,J2000,0.112387195,3.154342097,2.799834435,15.20416431,199.1679364,210.6403933,213.7129701,3.508849759,0.175930398,2459832.005,20220909.51,2046.263769,5.602364871,1.8188,707.822396,4.60E-08,9.02E-09,1.44E-07,5.09E-06,1.77E-05,2.68E-05,2.15E-05,1.00E-08,7.55E-10,0.00012403,8.78E-06,MBA,0.46394
a0000058,2000058,    58 Concordia,58,Concordia,,N,N,9,106.517,0.044,0.741,JPL 117,2459000.5,59000,20200531,J2000,0.042598068,2.699484163,2.584491353,5.065948593,161.1064772,31.12144903,27.03759447,2.814476974,0.222219874,2458878.83,20200130.33,1620.017115,4.435365134,1.58585,617.1652445,3.53E-08,6.33E-09,9.50E-08,3.80E-06,4.44E-05,6.31E-05,4.48E-05,6.60E-09,7.81E-10,0.00020157,5.70E-06,MBA,0.45081
a0000059,2000059,    59 Elpis,59,Elpis,,N,N,8,165.119,0.044,4.506,JPL 110,2459000.5,59000,20200531,J2000,0.118782068,2.713549604,2.39122857,8.639913831,170.0008699,210.851699,247.6888801,3.035870638,0.22049433,2459509.861,20211022.36,1632.695043,4.470075409,1.39732,543.7950244,2.55E-08,6.03E-09,6.79E-08,2.63E-06,2.37E-05,2.83E-05,1.73E-05,6.75E-09,7.35E-10,7.93E-05,5.44E-06,MBA,0.46834
a0000060,2000060,    60 Echo,60,Echo,,N,N,8.5,43.218,0.373,0.571,JPL 121,2459000.5,59000,20200531,J2000,0.184845741,2.392111751,1.949940082,3.600511231,191.546532,271.2181062,314.9727984,2.83428342,0.266398563,2459169.522,20201116.02,1351.358643,3.699818324,0.970721,377.7754916,3.44E-08,4.47E-09,8.30E-08,3.79E-06,6.09E-05,6.18E-05,1.18E-05,5.30E-09,7.47E-10,4.43E-05,3.79E-06,MBA,0.45422
a0000061,2000061,    61 Danae,61,Danae,,N,N,7.5,85.937,0.203,2.151,JPL 41,2459000.5,59000,20200531,J2000,0.165023135,2.984005917,2.491575906,18.20999759,333.5718493,12.47044352,348.6174389,3.476435928,0.191207337,2459060.03,20200729.53,1882.772936,5.154751364,1.48612,578.3533204,4.89E-08,9.22E-09,1.45E-07,5.59E-06,1.60E-05,2.30E-05,1.91E-05,1.07E-08,8.86E-10,0.00010007,8.73E-06,MBA,0.40191
a0000062,2000062,    62 Erato,62,Erato,,N,N,8.7,106.921,0.048,0.658,JPL 114,2459000.5,59000,20200531,J2000,0.167660415,3.128634487,2.604086332,2.236571823,125.122506,277.1761892,310.1937668,3.653182642,0.178103245,2459280.148,20210306.65,2021.299503,5.534016435,1.61392,628.0892464,3.41E-08,1.23E-08,1.04E-07,3.89E-06,0.00010142,0.00010212,1.35E-05,1.43E-08,1.05E-09,7.62E-05,1.19E-05,MBA,0.49285
a0000063,2000063,    63 Ausonia,63,Ausonia,,N,N,7.4,116.044,0.125,1.747,JPL 108,2459000.5,59000,20200531,J2000,0.126957038,2.395219138,2.091129212,5.776414345,337.7211268,296.0654752,245.7633979,2.699309064,0.265880321,2459430.154,20210803.65,1353.992649,3.707029839,1.08267,421.3426839,3.12E-08,3.83E-09,7.52E-08,3.23E-06,3.47E-05,3.73E-05,1.54E-05,4.31E-09,6.37E-10,5.85E-05,3.24E-06,MBA,0.5315
a0000064,2000064,    64 Angelina,64,Angelina,,N,N,8,58.292,0.483,1.082,JPL 115,2459000.5,59000,20200531,J2000,0.125217134,2.683409425,2.347400589,1.309846447,309.0971734,179.2244428,128.0718474,3.019418262,0.224219646,2458429.311,20181106.81,1605.568497,4.395806972,1.36242,530.2129914,3.29E-08,6.35E-09,8.79E-08,3.46E-06,0.00019861,0.00019944,1.92E-05,7.15E-09,7.96E-10,8.53E-05,5.70E-06,MBA,0.49943
a0000065,2000065,    65 Cybele,65,Cybele,,N,N,6.8,237.26,0.0706,4.2,JPL 82,2459000.5,59000,20200531,J2000,0.112046012,3.424837725,3.041098317,3.564035442,155.6184007,102.830307,323.0142327,3.808577132,0.155504899,2459238.343,20210123.84,2315.039603,6.338232999,2.02868,789.5013956,3.25E-08,9.46E-09,1.12E-07,3.81E-06,5.57E-05,5.80E-05,1.72E-05,1.05E-08,6.44E-10,0.00011121,9.59E-06,OMB,0.45306
a0000066,2000066,    66 Maja,66,Maja,,N,N,9.5,71.82,0.0618,5.3,JPL 49,2459000.5,59000,20200531,J2000,0.173011703,2.645381844,2.187699827,3.046003473,7.493461795,43.89297662,110.7724031,3.103063861,0.229071743,2458516.929,20190202.43,1571.560048,4.302696914,1.19959,466.8444403,3.15E-08,5.88E-09,8.31E-08,3.86E-06,5.93E-05,6.03E-05,1.03E-05,6.89E-09,7.63E-10,4.47E-05,5.24E-06,MBA,0.45583
a0000067,2000067,    67 Asia,67,Asia,,N,N,8.3,56.309,0.228,0.396,JPL 124,2459000.5,59000,20200531,J2000,0.185148301,2.421378229,1.973064163,6.028907177,202.4112729,106.8904788,23.27042658,2.869692294,0.261583366,2458911.54,20200303.04,1376.234297,3.767924154,0.969089,377.1403661,3.49E-08,5.41E-09,8.56E-08,4.07E-06,3.59E-05,3.74E-05,1.12E-05,6.41E-09,8.76E-10,4.26E-05,4.61E-06,MBA,0.47256
a0000068,2000068,    68 Leto,68,Leto,,N,N,6.9,122.509,0.228,3.137,JPL 107,2459000.5,59000,20200531,J2000,0.18517518,2.782394244,2.267163888,7.961437528,44.07992717,304.4382914,346.529767,3.297624599,0.212361642,2459063.931,20200802.43,1695.2214,4.641263244,1.2729,495.374493,3.60E-08,5.66E-09,9.98E-08,3.95E-06,3.06E-05,3.26E-05,1.26E-05,6.70E-09,6.47E-10,5.94E-05,5.17E-06,MBA,0.50366
a0000069,2000069,    69 Hesperia,69,Hesperia,,N,N,7.2,138.13,0.1402,4.7,JPL 122,2459000.5,59000,20200531,J2000,0.170260304,2.976822652,2.469987923,8.590967393,184.9850105,289.1127747,17.89713811,3.483657382,0.191899848,2458907.237,20200227.74,1875.978555,5.136149364,1.50238,584.6812246,3.21E-08,7.80E-09,9.49E-08,3.83E-06,2.38E-05,2.66E-05,1.27E-05,9.13E-09,7.54E-10,6.62E-05,7.37E-06,MBA,0.4281
a0000070,2000070,    70 Panopaea,70,Panopaea,,N,N,8.1,127.911,0.038,0.745,JPL 52,2459000.5,59000,20200531,J2000,0.180505963,2.616382048,2.144109486,11.59282216,47.68987659,255.4790577,163.5036714,3.08865461,0.2328908,2458298.438,20180628.94,1545.788841,4.232139195,1.16399,452.9899883,3.99E-08,7.84E-09,1.04E-07,3.37E-06,2.30E-05,2.55E-05,1.37E-05,9.25E-09,1.05E-09,5.81E-05,6.94E-06,MBA,0.37684
a0000071,2000071,    71 Niobe,71,Niobe,,N,N,7.1,83.42,0.3052,1.7,JPL 83,2459000.5,59000,20200531,J2000,0.173205825,2.755692236,2.27839029,23.26531442,316.0050398,267.0701996,350.1222948,3.232994182,0.215455708,2459046.346,20200715.85,1670.877057,4.574612066,1.40912,548.3872304,4.02E-08,7.53E-09,1.12E-07,4.05E-06,1.13E-05,1.72E-05,1.57E-05,8.83E-09,8.83E-10,7.29E-05,6.85E-06,MBA,0.47828
a0000072,2000072,    72 Feronia,72,Feronia,,N,N,9.1,74.966,0.083,1.168,JPL 117,2459000.5,59000,20200531,J2000,0.12048594,2.2664678,1.993390298,5.415447832,207.9606748,102.8993674,122.3153702,2.539545302,0.288854903,2458577.051,20190403.55,1246.300465,3.412184708,0.987797,384.4209585,3.26E-08,3.78E-09,7.34E-08,3.68E-06,3.62E-05,3.94E-05,1.70E-05,4.24E-09,7.24E-10,5.85E-05,3.12E-06,MBA,0.49458
a0000073,2000073,    73 Klytia,73,Klytia,,N,N,9,44.59,0.223,0.941,JPL 39,2459000.5,59000,20200531,J2000,0.041799657,2.666375297,2.554921725,2.368881785,6.879375167,53.84371154,245.8304085,2.777828869,0.226371713,2459504.846,20211017.35,1590.3047,4.354016976,1.56794,610.1952098,3.79E-08,9.34E-09,9.96E-08,4.24E-06,9.84E-05,0.00011055,5.13E-05,9.73E-09,1.19E-09,0.0002272,8.35E-06,MBA,0.48229
a0000074,2000074,    74 Galatea,74,Galatea,,N,N,8.7,118.71,0.0431,2.8,JPL 97,2459000.5,59000,20200531,J2000,0.235849288,2.780263375,2.124540238,4.070703542,197.1434014,174.5382204,359.6915801,3.435986512,0.212605828,2459001.951,20200601.45,1693.27437,4.635932568,1.12477,437.7267409,2.79E-08,7.07E-09,7.70E-08,3.19E-06,5.28E-05,5.34E-05,9.49E-06,8.74E-09,8.11E-10,4.47E-05,6.46E-06,MBA,0.49207
a0000075,2000075,    75 Eurydike,75,Eurydike,,N,N,9,62.377,0.117,1.603,JPL 80,2459000.5,59000,20200531,J2000,0.303521898,2.673994297,1.862378472,4.991511832,359.3390467,339.3368142,52.00910836,3.485610122,0.225404903,2458769.764,20191013.26,1597.125861,4.372692295,0.854684,332.6173723,3.83E-08,4.58E-09,1.02E-07,4.43E-06,3.72E-05,3.75E-05,6.18E-06,5.97E-09,5.79E-10,2.71E-05,4.10E-06,MBA,0.47712
a0000076,2000076,    76 Freia,76,Freia,,N,N,8,145.423,0.058,1.287,JPL 52,2459000.5,59000,20200531,J2000,0.166010853,3.414264879,2.847459854,2.121333842,204.3009575,252.2670098,346.7613476,3.981069904,0.156227779,2459085.239,20200823.74,2304.327713,6.308905444,1.86521,725.8837757,3.11E-08,1.04E-08,1.08E-07,3.50E-06,9.95E-05,0.00010014,1.20E-05,1.22E-08,7.15E-10,7.70E-05,1.06E-05,OMB,0.45949
a0000077,2000077,    77 Frigga,77,Frigga,,N,N,8.6,61.39,0.177,0.177,JPL 81,2459000.5,59000,20200531,J2000,0.132557844,2.668864037,2.315085175,2.422694506,1.14456383,61.78325065,13.87223727,3.022642899,0.226055147,2458939.133,20200330.63,1592.531756,4.360114322,1.32936,517.3470312,3.50E-08,5.62E-09,9.46E-08,3.54E-06,8.54E-05,8.63E-05,1.29E-05,6.36E-09,7.13E-10,5.71E-05,5.03E-06,MBA,0.47974
a0000078,2000078,    78 Diana,78,Diana,,N,N,8.4,120.6,0.0706,2.7,JPL 91,2459000.5,59000,20200531,J2000,0.207148362,2.618808182,2.076326356,8.701905011,333.3971838,152.740102,51.29129937,3.161290008,0.232567241,2458779.956,20191023.46,1547.939422,4.238027164,1.09539,426.2929263,3.65E-08,4.77E-09,9.62E-08,4.84E-06,2.65E-05,2.91E-05,1.14E-05,5.76E-09,6.36E-10,4.90E-05,4.23E-06,MBA,0.4694
a0000079,2000079,    79 Eurynome,79,Eurynome,,N,N,8,63.479,0.287,0.952,JPL 110,2459000.5,59000,20200531,J2000,0.189957924,2.444635923,1.980257958,4.612512692,206.533616,201.5110122,331.5056008,2.909013887,0.257859294,2459111.004,20200918.5,1396.110234,3.822341504,0.990903,385.6297205,3.36E-08,3.71E-09,8.21E-08,4.03E-06,5.32E-05,5.45E-05,1.31E-05,4.42E-09,5.87E-10,5.09E-05,3.18E-06,MBA,0.47538
a0000080,2000080,    80 Sappho,80,Sappho,,N,N,8,68.563,0.206,1.033,JPL 42,2459000.5,59000,20200531,J2000,0.200313448,2.295291517,1.83551376,8.676073569,218.6882246,139.6195206,210.6623848,2.755069275,0.283430966,2459527.392,20211108.89,1270.150561,3.477482713,0.842636,327.9286521,2.65E-08,3.56E-09,6.08E-08,3.85E-06,2.02E-05,2.29E-05,1.13E-05,4.27E-09,6.59E-10,4.03E-05,2.95E-06,MBA,0.51852
a0000081,2000081,    81 Terpsichore,81,Terpsichore,,N,N,8.6,117.727,0.045,0.734,JPL 53,2459000.5,59000,20200531,J2000,0.210847349,2.853711595,2.252014071,7.803140413,0.947942771,51.63427748,69.00207242,3.455409119,0.204450866,2458663,20190628.5,1760.81426,4.820846707,1.27219,495.0981823,3.41E-08,7.63E-09,9.60E-08,4.11E-06,2.20E-05,2.37E-05,8.98E-06,9.24E-09,8.20E-10,4.32E-05,7.06E-06,MBA,0.37395
a0000082,2000082,    82 Alkmene,82,Alkmene,,N,N,8.2,57.621,0.167,0.714,JPL 108,2459000.5,59000,20200531,J2000,0.220280816,2.762811974,2.154217498,2.826473076,25.44437908,111.1670688,261.5988251,3.371406451,0.214623404,2459458.983,20210901.48,1677.356675,4.592352293,1.16989,455.2860913,3.52E-08,4.35E-09,9.65E-08,2.96E-06,8.22E-05,8.25E-05,7.73E-06,5.30E-09,5.06E-10,3.66E-05,3.96E-06,MBA,0.49309
a0000083,2000083,    83 Beatrix,83,Beatrix,,N,N,8.8,110.503,0.05,0.829,JPL 105,2459000.5,59000,20200531,J2000,0.08129869,2.431964225,2.23424872,4.963774284,27.72640763,168.5949627,333.5711077,2.629679731,0.259877273,2459102.198,20200909.7,1385.269269,3.79266056,1.23248,479.6442416,3.36E-08,5.58E-09,8.34E-08,3.70E-06,4.74E-05,5.46E-05,2.78E-05,6.04E-09,8.95E-10,0.00010711,4.77E-06,MBA,0.46154
a0000084,2000084,    84 Klio,84,Klio,,N,N,9.4,79.16,0.0527,1.6,JPL 82,2459000.5,59000,20200531,J2000,0.236185765,2.36185575,1.804019042,9.317399766,327.5145864,15.1425534,215.9097562,2.919692459,0.271533876,2459531.153,20211112.65,1325.801425,3.629846474,0.797269,310.2731767,4.15E-08,2.57E-09,9.78E-08,4.72E-06,2.26E-05,2.40E-05,1.01E-05,3.18E-09,4.43E-10,3.76E-05,2.17E-06,MBA,0.44805
a0000085,2000085,    85 Io,85,Io,,N,N,7.7,154.79,0.0666,3.8,JPL 102,2459000.5,59000,20200531,J2000,0.194709336,2.652997728,2.136434302,11.9593979,203.1041696,122.9016238,312.1195459,3.169561153,0.228086067,2459210.423,20201226.92,1578.35156,4.321291061,1.15288,448.6663096,3.00E-08,4.25E-09,8.02E-08,3.18E-06,1.61E-05,1.79E-05,8.99E-06,5.08E-09,5.48E-10,3.96E-05,3.79E-06,MBA,0.4689
a0000086,2000086,    86 Semele,86,Semele,,N,N,8.7,109.929,0.056,0.609,JPL 98,2459000.5,59000,20200531,J2000,0.21513746,3.107374383,2.438861751,4.820528072,86.09722929,308.9030567,63.86235821,3.775887015,0.179934194,2458645.579,20190611.08,2000.731448,5.47770417,1.4494,564.062998,3.80E-08,9.19E-09,1.19E-07,3.53E-06,5.01E-05,5.06E-05,8.81E-06,1.12E-08,7.98E-10,4.80E-05,8.87E-06,MBA,0.46265
a0000087,2000087,    87 Sylvia,87,Sylvia,,N,N,6.8,253.051,0.046,2.953,JPL 88,2459000.5,59000,20200531,J2000,0.093403615,3.482070736,3.15683274,10.87598568,73.04063872,263.5897258,153.4227032,3.807308733,0.151686765,2457989.056,20170823.56,2373.311867,6.497773764,2.17294,845.6430598,2.99E-08,1.26E-08,1.04E-07,3.68E-06,1.77E-05,2.81E-05,2.33E-05,1.37E-08,8.21E-10,0.00015208,1.28E-05,OMB,0.39616
a0000088,2000088,    88 Thisbe,88,Thisbe,,N,N,7.2,232,0.0671,,JPL 151,2459000.5,59000,20200531,J2000,0.161753375,2.770007817,2.321949705,5.214024459,276.459728,36.3450025,134.5304351,3.21806593,0.213787634,2458371.229,20180909.73,1683.914044,4.61030539,1.31019,509.8866423,2.43E-08,3.89E-09,6.73E-08,2.97E-06,2.36E-05,2.51E-05,8.99E-06,4.52E-09,4.50E-10,4.16E-05,3.55E-06,MBA,0.50291
a0000089,2000089,    89 Julia,89,Julia,,N,N,6.8,145.483,0.189,1.265,JPL 108,2459000.5,59000,20200531,J2000,0.185008383,2.549542995,2.077856167,16.13084118,311.553329,45.3288646,234.3543461,3.021229823,0.242108793,2459519.464,20211031.96,1486.93484,4.071005721,1.09991,428.0519747,4.36E-08,4.62E-09,1.12E-07,3.76E-06,1.69E-05,1.96E-05,1.05E-05,5.48E-09,6.58E-10,4.37E-05,4.04E-06,MBA,0.55583
a0000090,2000090,    90 Antiope,90,Antiope,,N,N,8.1,115.974,0.058,1.107,JPL 103,2459000.5,59000,20200531,J2000,0.166499515,3.148725611,2.624464323,2.206751496,69.96053943,244.9419889,215.6355445,3.672986898,0.176401327,2459818.886,20220827.39,2040.800969,5.587408538,1.61168,627.2175056,3.28E-08,8.64E-09,1.05E-07,3.67E-06,9.70E-05,9.75E-05,1.09E-05,1.01E-08,7.26E-10,6.19E-05,8.40E-06,MBA,0.41387
a0000091,2000091,    91 Aegina,91,Aegina,,N,N,8.9,103.402,0.048,0.483,JPL 120,2459000.5,59000,20200531,J2000,0.106382904,2.589529376,2.314047722,2.103207471,10.44305216,74.2717422,261.3310234,2.86501103,0.236522691,2459417.665,20210722.16,1522.0527,4.167153184,1.33125,518.0825625,3.79E-08,5.54E-09,9.82E-08,3.14E-06,0.00011043,0.00011164,1.64E-05,6.13E-09,7.59E-10,7.00E-05,4.88E-06,MBA,0.49843
a0000092,2000092,    92 Undina,92,Undina,,N,N,6.7,126.42,0.2509,3.4,JPL 98,2459000.5,59000,20200531,J2000,0.104862648,3.1851789,2.851172605,9.932020026,101.5803096,239.0703042,249.1220808,3.519185195,0.173381729,2459640.002,20220301.5,2076.343354,5.684718285,1.85767,722.9494339,4.08E-08,9.07E-09,1.33E-07,4.38E-06,2.69E-05,3.41E-05,2.24E-05,1.00E-08,7.41E-10,0.00012995,8.87E-06,MBA,0.46947
a0000093,2000093,    93 Minerva,93,Minerva,,N,N,7.9,154.155,0.056,1.298,JPL 114,2459000.5,59000,20200531,J2000,0.139066233,2.756376884,2.373057934,8.556424092,4.030975592,274.9405843,203.1480034,3.139695834,0.215375439,2459728.772,20220529.27,1671.499787,4.576317007,1.37608,535.5290536,3.44E-08,7.37E-09,9.58E-08,3.79E-06,2.29E-05,2.69E-05,1.48E-05,8.40E-09,8.64E-10,7.01E-05,6.70E-06,MBA,0.45323
a0000094,2000094,    94 Aurora,94,Aurora,,N,N,7.6,204.89,0.0395,3.6,JPL 99,2459000.5,59000,20200531,J2000,0.094273487,3.157818068,2.860119547,7.969380915,2.56535219,60.34317399,19.26394513,3.45551659,0.175639995,2458890.821,20200211.32,2049.647064,5.611627829,1.88319,732.8810523,2.99E-08,1.20E-08,9.86E-08,3.49E-06,2.58E-05,3.33E-05,2.10E-05,1.31E-08,1.00E-09,0.00011955,1.17E-05,MBA,0.37586
a0000095,2000095,    95 Arethusa,95,Arethusa,,N,N,8,147.969,0.058,5.148,JPL 39,2459000.5,59000,20200531,J2000,0.152788728,3.064051147,2.59589867,12.99563182,243.0199018,153.7846512,147.7093153,3.532203625,0.18376384,2458196.7,20180319.2,1959.036117,5.363548575,1.61108,626.9840036,3.64E-08,8.30E-09,1.12E-07,4.12E-06,2.03E-05,2.50E-05,1.52E-05,9.57E-09,7.47E-10,8.16E-05,7.96E-06,MBA,0.43827
a0000096,2000096,    96 Aegle,96,Aegle,,N,N,7.7,177.774,0.048,1.543,JPL 97,2459000.5,59000,20200531,J2000,0.141177946,3.048360537,2.617999256,15.98222195,321.4899545,208.4618392,178.4786356,3.478721817,0.185184476,2458036.712,20171010.21,1944.007441,5.322402303,1.63683,637.0051311,3.81E-08,1.20E-08,1.19E-07,5.08E-06,1.13E-05,1.95E-05,1.68E-05,1.37E-08,1.10E-09,9.02E-05,1.15E-05,MBA,0.40713
a0000097,2000097,    97 Klotho,97,Klotho,,N,N,7.8,100.717,0.128,0.641,JPL 97,2459000.5,59000,20200531,J2000,0.257298409,2.669020559,1.982285815,11.77759143,159.6173762,268.6731476,41.44467034,3.355755303,0.226035262,2458817.145,20191129.65,1592.671855,4.360497892,1.03677,403.4797809,3.22E-08,5.23E-09,8.60E-08,3.58E-06,1.82E-05,1.94E-05,8.19E-06,6.58E-09,6.65E-10,3.60E-05,4.68E-06,MBA,0.47685
a0000098,2000098,    98 Ianthe,98,Ianthe,,N,N,8.9,132.788,0.029,1.132,JPL 78,2459000.5,59000,20200531,J2000,0.187233048,2.686496958,2.183495943,15.57684757,353.9043965,158.6319249,215.2664157,3.189497973,0.223833221,2459647.114,20220308.61,1608.340346,4.403395882,1.19912,466.6615304,3.08E-08,8.14E-09,8.12E-08,3.12E-06,1.54E-05,1.93E-05,1.27E-05,9.67E-09,1.02E-09,5.83E-05,7.31E-06,MBA,0.43748
a0000099,2000099,    99 Dike,99,Dike,,N,N,9.5,67.354,0.065,0.416,JPL 96,2459000.5,59000,20200531,J2000,0.19496105,2.664873397,2.14532688,13.84752094,41.51414403,195.7124947,334.9314337,3.184419914,0.226563112,2459111.147,20200918.65,1588.961223,4.350338736,1.13748,442.6730916,4.17E-08,8.70E-09,1.12E-07,4.88E-06,1.54E-05,1.82E-05,1.03E-05,1.04E-08,1.11E-09,4.56E-05,7.78E-06,MBA,0.37985
a0000100,2000100,   100 Hekate,100,Hekate,,N,N,7.6,85.734,0.205,1.961,JPL 37,2459000.5,59000,20200531,J2000,0.169555285,3.089431761,2.565602277,6.431994591,127.181625,184.3863361,319.3062948,3.613261245,0.181503985,2459224.703,20210110.2,1983.427532,5.430328629,1.55137,603.7466629,3.97E-08,1.18E-08,1.25E-07,4.46E-06,3.84E-05,4.08E-05,1.66E-05,1.37E-08,1.04E-09,9.19E-05,1.13E-05,MBA,0.43639
a0000101,2000101,   101 Helena,101,Helena,,N,N,8.2,65.84,0.1898,1.3,JPL 105,2459000.5,59000,20200531,J2000,0.140584457,2.58307759,2.21993703,10.19686031,343.3825146,348.3691245,208.2023473,2.94621815,0.237409392,2459639.892,20220301.39,1516.367977,4.151589259,1.21083,471.2187111,4.54E-08,7.51E-09,1.17E-07,4.96E-06,2.34E-05,2.80E-05,1.75E-05,8.56E-09,1.04E-09,7.49E-05,6.61E-06,MBA,0.4416
a0000102,2000102,   102 Miriam,102,Miriam,,N,N,9.3,82.595,0.051,0.4,JPL 87,2459000.5,59000,20200531,J2000,0.251105865,2.662333505,1.993805948,5.172851656,210.7978678,147.0245915,341.9682032,3.330861061,0.226887405,2459079.975,20200818.47,1586.690105,4.344120752,0.992653,386.310768,2.88E-08,6.88E-09,7.46E-08,3.16E-06,3.61E-05,3.69E-05,1.02E-05,8.61E-09,8.80E-10,4.51E-05,6.15E-06,MBA,0.45305
a0000103,2000103,   103 Hera,103,Hera,,N,N,7.6,83.908,0.217,2.091,JPL 112,2459000.5,59000,20200531,J2000,0.079236123,2.702140974,2.488033799,5.418345972,136.079743,188.6794967,83.70336252,2.91624815,0.221892217,2458623.275,20190519.77,1622.409316,4.441914623,1.47591,574.3798947,3.61E-08,7.30E-09,9.74E-08,4.08E-06,4.13E-05,4.84E-05,2.61E-05,7.88E-09,8.99E-10,0.00011736,6.57E-06,MBA,0.51204
a0000104,2000104,   104 Klymene,104,Klymene,,N,N,8.4,136.553,0.052,1.554,JPL 97,2459000.5,59000,20200531,J2000,0.160853706,3.146171164,2.640097871,2.789717012,41.67665395,31.75864404,349.0838638,3.652244456,0.176616207,2459062.307,20200731.81,2038.31803,5.580610624,1.65546,644.2553682,3.77E-08,1.17E-08,1.22E-07,4.58E-06,8.03E-05,8.14E-05,1.39E-05,1.35E-08,9.82E-10,7.87E-05,1.13E-05,MBA,0.44429
a0000105,2000105,   105 Artemis,105,Artemis,,N,N,8.7,94.864,0.016,0.375,JPL 114,2459000.5,59000,20200531,J2000,0.177293527,2.373799296,1.952940046,21.43973534,188.2418778,57.10668267,274.1524633,2.794658545,0.269487161,2459319.059,20210414.56,1335.870692,3.657414625,1.01156,393.6688052,2.95E-08,4.24E-09,7.07E-08,3.98E-06,1.09E-05,1.61E-05,1.32E-05,4.99E-09,7.22E-10,4.92E-05,3.58E-06,MBA,0.42553
a0000106,2000106,   106 Dione,106,Dione,,N,N,7.5,207.869,0.044,2.158,JPL 115,2459000.5,59000,20200531,J2000,0.159877126,3.183027406,2.674134133,4.576478356,62.0405563,330.8703451,293.4039166,3.691920678,0.173557548,2459384.212,20210618.71,2074.239946,5.678959469,1.68166,654.4516222,4.16E-08,1.38E-08,1.29E-07,4.61E-06,5.51E-05,5.67E-05,1.58E-05,1.60E-08,1.13E-09,9.23E-05,1.35E-05,MBA,0.49619
a0000107,2000107,   107 Camilla,107,Camilla,,N,N,7.1,210.37,0.059,12,JPL 108,2459000.5,59000,20200531,J2000,0.065108846,3.49059289,3.263324417,10.00145323,172.5826388,306.3970071,27.12007518,3.717861364,0.151131598,2458821.053,20191203.55,2382.029998,6.521642706,2.29137,891.7324629,2.90E-08,1.41E-08,1.03E-07,3.35E-06,1.93E-05,3.39E-05,2.75E-05,1.50E-08,9.17E-10,0.00018201,1.45E-05,OMB,0.43436
a0000108,2000108,   108 Hecuba,108,Hecuba,,N,N,8,75.498,0.148,1.891,JPL 51,2459000.5,59000,20200531,J2000,0.055640431,3.237466443,3.057332414,4.220236533,349.9785283,206.0038739,42.16619672,3.417600471,0.169198364,2458751.288,20190924.79,2127.680141,5.82527075,2.05666,800.3903722,3.48E-08,1.38E-08,1.14E-07,4.45E-06,4.13E-05,5.34E-05,3.30E-05,1.45E-08,1.08E-09,0.000196,1.36E-05,OMB,0.45938
a0000109,2000109,   109 Felicitas,109,Felicitas,,N,N,9,82.588,0.056,0.616,JPL 36,2459000.5,59000,20200531,J2000,0.299139546,2.694472549,1.888449253,7.84484588,2.768339543,57.60729455,340.9781038,3.500495845,0.222840143,2459085.861,20200824.36,1615.507848,4.423019432,0.914008,355.7044934,3.73E-08,5.65E-09,1.01E-07,4.91E-06,3.13E-05,3.22E-05,8.33E-06,7.35E-09,7.01E-10,3.75E-05,5.08E-06,MBA,0.44875
a0000110,2000110,   110 Lydia,110,Lydia,,N,N,7.9,86.09,0.1808,2,JPL 86,2459000.5,59000,20200531,J2000,0.081363206,2.733551156,2.511140671,5.962490048,56.86243011,282.5433025,294.8461025,2.955961641,0.218078708,2459299.263,20210325.76,1650.78014,4.519589706,1.51103,588.0475451,3.44E-08,7.94E-09,9.36E-08,3.76E-06,3.64E-05,4.39E-05,2.56E-05,8.58E-09,9.50E-10,0.00011798,7.19E-06,MBA,0.38081
a0000111,2000111,   111 Ate,111,Ate,,N,N,8.2,126.344,0.062,0.233,JPL 102,2459000.5,59000,20200531,J2000,0.102114871,2.595920755,2.330838642,4.933029208,305.7104692,166.9836655,160.3595166,2.861002868,0.23564972,2458320,20180720.5,1527.691186,4.182590516,1.34765,524.4649505,3.31E-08,6.09E-09,8.57E-08,3.72E-06,3.84E-05,4.20E-05,1.75E-05,6.71E-09,8.29E-10,7.37E-05,5.38E-06,MBA,0.49626
a0000112,2000112,   112 Iphigenia,112,Iphigenia,,N,N,9.8,69.818,0.042,1.818,JPL 85,2459000.5,59000,20200531,J2000,0.127964708,2.433713637,2.122284182,2.599529336,323.4077881,17.31376057,172.7400307,2.745143093,0.259597114,2458335.084,20180804.58,1386.76426,3.796753621,1.11381,433.4614377,3.32E-08,4.85E-09,8.06E-08,3.64E-06,7.20E-05,7.31E-05,1.29E-05,5.47E-09,7.75E-10,4.93E-05,4.14E-06,MBA,0.44832
a0000113,2000113,   113 Amalthea,113,Amalthea,,N,N,8.5,50.137,0.224,1.265,JPL 119,2459000.5,59000,20200531,J2000,0.086616809,2.376287876,2.170461402,5.042979091,123.4466582,78.68011431,243.6948707,2.582114349,0.269063939,2459432.758,20210806.26,1337.971939,3.663167526,1.17413,456.9361721,3.69E-08,3.28E-09,8.76E-08,3.88E-06,4.75E-05,5.30E-05,2.45E-05,3.57E-09,5.58E-10,9.12E-05,2.77E-06,MBA,0.49606
a0000114,2000114,   114 Kassandra,114,Kassandra,,N,N,8.3,94.178,0.089,0.954,JPL 118,2459000.5,59000,20200531,J2000,0.13675373,2.678060928,2.311826107,4.940905424,164.0738211,352.7671913,151.2944143,3.04429575,0.224891683,2458327.757,20180728.26,1600.770628,4.382671124,1.32133,514.2219961,3.24E-08,6.70E-09,8.73E-08,3.45E-06,4.10E-05,4.28E-05,1.27E-05,7.61E-09,8.43E-10,5.59E-05,6.00E-06,MBA,0.4813
a0000115,2000115,   115 Thyra,115,Thyra,,N,N,7.6,79.83,0.2747,1.4,JPL 78,2459000.5,59000,20200531,J2000,0.193192754,2.379083264,1.919461616,11.59420588,308.7961204,97.06412413,124.2271713,2.838704912,0.268589859,2458537.984,20190223.48,1340.333553,3.669633274,0.969494,377.29798,3.03E-08,3.39E-09,7.20E-08,3.79E-06,1.68E-05,2.00E-05,1.11E-05,4.04E-09,5.74E-10,4.09E-05,2.86E-06,MBA,0.52789
a0000116,2000116,   116 Sirona,116,Sirona,,N,N,7.8,71.7,0.256,5.8,JPL 106,2459000.5,59000,20200531,J2000,0.141840439,2.767101015,2.374614191,3.563923456,63.71200252,94.41506311,307.9930632,3.159587839,0.214124594,2459243.382,20210128.88,1681.26413,4.603050322,1.38702,539.7865734,3.98E-08,8.89E-09,1.12E-07,4.48E-06,7.06E-05,7.24E-05,1.70E-05,1.02E-08,1.03E-09,7.98E-05,8.10E-06,MBA,0.49208
a0000117,2000117,   117 Lomia,117,Lomia,,N,N,8,208.974,0.027,1.208,JPL 99,2459000.5,59000,20200531,J2000,0.026769668,2.992997487,2.912875937,14.89920774,348.7370961,50.36193304,226.3618934,3.073119038,0.190346347,2459702.579,20220503.08,1891.289255,5.178067776,1.92831,750.4404027,3.98E-08,9.00E-09,1.18E-07,4.53E-06,1.55E-05,8.80E-05,8.67E-05,9.24E-09,8.59E-10,0.0004566,8.53E-06,MBA,0.41997
a0000118,2000118,   118 Peitho,118,Peitho,,N,N,8.9,40.211,0.245,0.491,JPL 68,2459000.5,59000,20200531,J2000,0.164625618,2.436901367,2.035724974,7.745331882,47.67843506,33.32877128,53.87046695,2.838077759,0.259087909,2458792.576,20191105.08,1389.489771,3.804215664,1.05598,410.9557366,4.33E-08,4.89E-09,1.06E-07,4.86E-06,3.30E-05,3.56E-05,1.33E-05,5.69E-09,7.79E-10,5.13E-05,4.18E-06,MBA,0.43296
a0000119,2000119,   119 Althaea,119,Althaea,,N,N,8.3,57.3,0.2306,1.1,JPL 81,2459000.5,59000,20200531,J2000,0.080741287,2.581904585,2.373438286,5.785389693,203.6471739,171.384804,86.02192453,2.790370885,0.2375712,2458638.411,20190603.91,1515.335194,4.148761655,1.37459,534.9491903,3.30E-08,4.81E-09,8.49E-08,3.72E-06,3.66E-05,4.37E-05,2.38E-05,5.20E-09,6.64E-10,0.00010013,4.24E-06,MBA,0.52206
a0000120,2000120,   120 Lachesis,120,Lachesis,,N,N,7.8,155.132,0.058,1.133,JPL 126,2459000.5,59000,20200531,J2000,0.052021976,3.118620485,2.956383686,6.963090699,341.1625554,233.9639821,305.5434837,3.280857285,0.178961777,2459304.791,20210331.29,2011.602737,5.507468137,1.95737,761.7496829,3.79E-08,1.10E-08,1.18E-07,4.18E-06,3.46E-05,5.46E-05,4.41E-05,1.16E-08,9.46E-10,0.00024668,1.06E-05,MBA,0.46318
a0000121,2000121,   121 Hermione,121,Hermione,,N,N,7.3,209,0.0482,4.7,JPL 104,2459000.5,59000,20200531,J2000,0.129838702,3.461567485,3.012122055,7.584410392,73.11272838,296.8740224,281.2343012,3.911012915,0.153036445,2459515.186,20211027.69,2352.380827,6.4404677,2.02248,787.0885416,3.02E-08,1.10E-08,1.06E-07,3.17E-06,2.28E-05,2.60E-05,1.39E-05,1.25E-08,7.31E-10,9.24E-05,1.12E-05,OMB,0.4174
a0000122,2000122,   122 Gerda,122,Gerda,,N,N,7.7,70.676,0.297,0.912,JPL 39,2459000.5,59000,20200531,J2000,0.031266384,3.223255924,3.122476366,1.640572814,178.1228153,321.4881071,41.98802783,3.324035482,0.170318526,2458753.974,20190927.47,2113.686683,5.786958748,2.1354,831.033618,3.96E-08,1.32E-08,1.27E-07,4.54E-06,0.00014283,0.00015755,6.64E-05,1.37E-08,1.05E-09,0.00038951,1.30E-05,OMB,0.50516
a0000123,2000123,   123 Brunhild,123,Brunhild,,N,N,8.9,45.209,0.261,1.883,JPL 37,2459000.5,59000,20200531,J2000,0.120620359,2.695223627,2.370124786,6.414358259,307.7251494,125.6747998,49.0521924,3.020322469,0.222747001,2458780.285,20191023.79,1616.183373,4.424868921,1.39205,541.7440985,3.65E-08,8.54E-09,9.90E-08,4.76E-06,3.54E-05,4.08E-05,1.97E-05,9.57E-09,1.06E-09,8.82E-05,7.68E-06,MBA,0.45954
a0000124,2000124,   124 Alkeste,124,Alkeste,,N,N,8.1,88.648,0.128,1.651,JPL 126,2459000.5,59000,20200531,J2000,0.07551614,2.629926725,2.43132481,2.957464186,187.9747942,62.15468269,306.4612727,2.82852864,0.231093964,2459232.175,20210117.68,1557.807891,4.26504556,1.41902,552.2400134,3.55E-08,6.58E-09,9.35E-08,4.15E-06,6.81E-05,7.32E-05,2.81E-05,7.08E-09,8.67E-10,0.00012187,5.85E-06,MBA,0.50224
a0000125,2000125,   125 Liberatrix,125,Liberatrix,,N,N,8.8,48.418,0.182,0.533,JPL 80,2459000.5,59000,20200531,J2000,0.077941813,2.743653518,2.529808188,4.664196776,168.9812265,110.0107042,250.823906,2.957498849,0.216875341,2459503.905,20211016.4,1659.939752,4.544667356,1.51826,590.8612442,3.47E-08,9.03E-09,9.57E-08,4.16E-06,4.60E-05,5.34E-05,2.84E-05,9.73E-09,1.07E-09,0.00013149,8.19E-06,MBA,0.38078
a0000126,2000126,   126 Velleda,126,Velleda,,N,N,9.2,44.82,0.1723,1.3,JPL 95,2459000.5,59000,20200531,J2000,0.106125703,2.440063529,2.181110071,2.923122915,23.27422166,327.8352501,305.0832523,2.699016987,0.258584431,2459212.875,20201229.37,1392.195185,3.811622683,1.17597,457.6522449,3.41E-08,5.40E-09,8.35E-08,3.86E-06,7.68E-05,7.91E-05,2.03E-05,5.97E-09,8.58E-10,7.88E-05,4.62E-06,MBA,0.49081
a0000127,2000127,   127 Johanna,127,Johanna,,N,N,8.6,122,0.042,,JPL 108,2459000.5,59000,20200531,J2000,0.066771814,2.75550928,2.571518928,8.243907936,31.14508113,93.54010376,10.58742785,2.939499632,0.215477167,2458951.365,20200411.87,1670.710661,4.574156498,1.60311,623.8823187,3.89E-08,9.83E-09,1.10E-07,4.25E-06,2.93E-05,4.44E-05,3.23E-05,1.05E-08,1.15E-09,0.0001499,8.94E-06,MBA,0.44606
a0000128,2000128,   128 Nemesis,128,Nemesis,,N,N,7.8,162.515,0.067,1.296,JPL 107,2459000.5,59000,20200531,J2000,0.127675203,2.748942609,2.397970804,6.245306385,76.23770465,303.6201497,158.5974916,3.099914415,0.216249725,2458267.1,20180528.6,1664.741999,4.557815193,1.40776,547.8579592,3.68E-08,7.47E-09,1.01E-07,4.04E-06,3.74E-05,4.04E-05,1.61E-05,8.42E-09,8.81E-10,7.37E-05,6.78E-06,MBA,0.49332
a0000129,2000129,   129 Antigone,129,Antigone,,N,N,7.2,113,0.151,,JPL 100,2459000.5,59000,20200531,J2000,0.212593821,2.87035858,2.260138082,12.26692888,135.6670026,111.2466526,21.0557946,3.480579078,0.202674842,2458896.61,20200217.11,1776.244142,4.863091421,1.2805,498.332185,2.81E-08,5.86E-09,8.14E-08,3.61E-06,1.52E-05,1.75E-05,1.06E-05,7.10E-09,6.20E-10,5.20E-05,5.44E-06,MBA,0.49351
a0000130,2000130,   130 Elektra,130,Elektra,,N,N,7.1,180.652,0.086,2.698,JPL 110,2459000.5,59000,20200531,J2000,0.208908938,3.12526438,2.472368718,22.78069166,145.0130138,237.5204607,17.22309326,3.778160041,0.178391407,2458903.953,20200224.45,2018.034423,5.525077133,1.54197,600.0884649,3.44E-08,1.05E-08,1.08E-07,3.21E-06,1.07E-05,1.39E-05,1.13E-05,1.27E-08,8.97E-10,6.30E-05,1.01E-05,MBA,0.40809
a0000131,2000131,   131 Vala,131,Vala,,N,N,9.9,31.337,0.246,0.304,JPL 69,2459000.5,59000,20200531,J2000,0.067371239,2.431897276,2.268057344,4.96088711,65.65618106,160.6156448,293.1022347,2.595737209,0.259888004,2459257.91,20210212.41,1385.212068,3.79250395,1.25861,489.8132537,3.52E-08,6.16E-09,8.66E-08,3.89E-06,4.26E-05,5.16E-05,3.01E-05,6.58E-09,9.88E-10,0.00011616,5.26E-06,MBA,0.37643
a0000132,2000132,   132 Aethra,132,Aethra,,N,N,8.9,42.87,0.199,1.6,JPL 52,2459000.5,59000,20200531,J2000,0.389559419,2.608140003,1.5921145,24.99379165,258.3925108,255.1758739,6.022924381,3.624165507,0.233995617,2458974.761,20200505.26,1538.490353,4.212157024,0.772818,300.7575811,4.41E-08,6.48E-09,1.15E-07,4.37E-06,1.11E-05,1.20E-05,7.84E-06,9.00E-09,8.72E-10,3.34E-05,5.73E-06,MCA,0.38373
a0000133,2000133,   133 Cyrene,133,Cyrene,,N,N,7.8,72.175,0.279,0.932,JPL 76,2459000.5,59000,20200531,J2000,0.135228451,3.06463429,2.650208543,7.21360214,319.0050434,290.1309255,213.0547859,3.479060036,0.183711393,2459800.37,20220808.87,1959.595402,5.365079813,1.64729,641.0758493,3.74E-08,1.39E-08,1.12E-07,4.45E-06,3.36E-05,3.79E-05,1.97E-05,1.57E-08,1.25E-09,0.0001099,1.33E-05,MBA,0.40383
a0000134,2000134,   134 Sophrosyne,134,Sophrosyne,,N,N,9,108,0.0364,,JPL 108,2459000.5,59000,20200531,J2000,0.115571243,2.565019118,2.268576669,11.59915655,345.922286,84.67821159,206.2033465,2.861461566,0.239920946,2459641.531,20220303.03,1500.494253,4.108129372,1.31726,512.6380742,3.21E-08,5.97E-09,8.10E-08,3.93E-06,1.68E-05,2.38E-05,1.70E-05,6.66E-09,8.38E-10,7.14E-05,5.24E-06,MBA,0.44099
a0000135,2000135,   135 Hertha,135,Hertha,,N,N,8.2,79.24,0.1436,2,JPL 106,2459000.5,59000,20200531,J2000,0.206906605,2.428364053,1.925919491,2.303866066,343.5718893,340.1813407,82.26722833,2.930808616,0.260455409,2458684.641,20190720.14,1382.194371,3.784241947,0.913937,355.6768623,3.68E-08,5.75E-09,9.00E-08,4.22E-06,9.80E-05,9.85E-05,1.12E-05,6.94E-09,9.25E-10,4.24E-05,4.91E-06,MBA,0.41959
a0000136,2000136,   136 Austria,136,Austria,,N,N,9.7,36.893,0.201,0.518,JPL 69,2459000.5,59000,20200531,J2000,0.085300039,2.287367628,2.092255081,9.577562706,186.4300642,132.5611749,331.2586038,2.482480174,0.284905031,2459101.381,20200908.88,1263.57895,3.459490623,1.09328,425.4717776,3.56E-08,5.90E-09,8.11E-08,4.75E-06,2.13E-05,3.49E-05,2.91E-05,6.41E-09,1.10E-09,0.00010211,4.89E-06,MBA,0.42402
a0000137,2000137,   137 Meliboea,137,Meliboea,,N,N,8.1,128.678,0.065,0.533,JPL 103,2459000.5,59000,20200531,J2000,0.211896019,3.124649919,2.462549042,13.42813809,202.2139386,107.3649839,110.529069,3.786750796,0.17844403,2458381.095,20180919.6,2017.439301,5.523447778,1.48996,579.8477332,3.26E-08,9.08E-09,1.04E-07,3.52E-06,1.18E-05,1.42E-05,8.70E-06,1.10E-08,7.78E-10,4.74E-05,8.80E-06,MBA,0.43883
a0000138,2000138,   138 Tolosa,138,Tolosa,,N,N,8.8,52.905,0.273,1.048,JPL 71,2459000.5,59000,20200531,J2000,0.162861802,2.449489622,2.050561327,3.202500525,54.74619956,260.5141174,348.6774262,2.848417916,0.257093246,2459044.541,20200714.04,1400.270155,3.833730746,1.03983,404.6706411,3.57E-08,7.97E-09,8.91E-08,3.98E-06,7.14E-05,7.26E-05,1.60E-05,9.26E-09,1.25E-09,6.22E-05,6.83E-06,MBA,0.48797
a0000139,2000139,   139 Juewa,139,Juewa,,N,N,8,151.116,0.052,1.596,JPL 103,2459000.5,59000,20200531,J2000,0.174553974,2.781680954,2.296127488,10.90937388,1.817387607,165.6082671,357.6701104,3.26723442,0.212443329,2459011.467,20200610.97,1694.569566,4.639478619,1.30401,507.4815717,3.03E-08,6.48E-09,8.51E-08,3.81E-06,1.71E-05,1.99E-05,1.06E-05,7.61E-09,7.42E-10,4.98E-05,5.92E-06,MBA,0.49067
a0000140,2000140,   140 Siwa,140,Siwa,,N,N,8.4,109.79,0.0676,3,JPL 149,2459000.5,59000,20200531,J2000,0.214140102,2.734694958,2.1490871,3.185538931,107.1777401,196.81529,145.7487008,3.320302816,0.217941903,2458331.75,20180801.25,1651.816355,4.522426707,1.13408,441.3499136,3.46E-08,7.76E-09,9.34E-08,3.68E-06,5.99E-05,6.04E-05,9.10E-06,9.42E-09,9.28E-10,4.10E-05,7.03E-06,MBA,0.48048
a0000141,2000141,   141 Lumen,141,Lumen,,N,N,8.5,117.916,0.067,1.361,JPL 69,2459000.5,59000,20200531,J2000,0.214597479,2.6652844,2.093321088,11.89758004,318.485389,57.83802119,249.9976522,3.237247712,0.226510708,2459486.139,20210928.64,1589.328835,4.351345203,1.11988,435.8236996,4.06E-08,7.13E-09,1.07E-07,4.94E-06,2.15E-05,2.46E-05,1.33E-05,8.66E-09,9.09E-10,5.96E-05,6.38E-06,MBA,0.39264
a0000142,2000142,   142 Polana,142,Polana,,N,N,10.3,54.812,0.047,0.277,JPL 39,2459000.5,59000,20200531,J2000,0.135074532,2.417934193,2.091332863,2.239535888,291.2203729,291.8328957,147.9924875,2.744535524,0.262142453,2458435.95,20181113.45,1373.299122,3.759888081,1.08377,421.7707709,2.99E-08,6.37E-09,7.17E-08,3.86E-06,9.05E-05,9.19E-05,1.71E-05,7.22E-09,1.04E-09,6.49E-05,5.42E-06,MBA,0.44586
a0000143,2000143,   143 Adria,143,Adria,,N,N,9.1,95.377,0.044,0.698,JPL 47,2459000.5,59000,20200531,J2000,0.074151432,2.760501856,2.555806689,11.44438026,332.9805555,252.3411577,167.1293037,2.965197023,0.214892871,2458222.767,20180414.27,1675.253339,4.586593672,1.57661,613.5693137,3.23E-08,8.88E-09,8.73E-08,3.73E-06,1.69E-05,3.09E-05,2.72E-05,9.54E-09,1.04E-09,0.00012605,8.09E-06,MBA,0.42035
a0000144,2000144,   144 Vibilia,144,Vibilia,,N,N,8.1,142.38,0.0597,2.6,JPL 99,2459000.5,59000,20200531,J2000,0.234745795,2.655401409,2.032057095,4.814051372,76.19487026,294.6089632,98.46567414,3.278745722,0.227776441,2458568.209,20190325.71,1580.497084,4.327165184,1.03786,403.9039762,3.74E-08,8.63E-09,9.81E-08,4.22E-06,5.16E-05,5.24E-05,1.15E-05,1.07E-08,1.11E-09,4.94E-05,7.70E-06,MBA,0.46688
a0000145,2000145,   145 Adeona,145,Adeona,,N,N,8.2,127.783,0.061,0.355,JPL 94,2459000.5,59000,20200531,J2000,0.145248861,2.674244979,2.285813942,12.62307123,77.38080181,44.90978628,188.2737405,3.062676016,0.22537321,2459762.464,20220701.96,1597.350458,4.373307208,1.31997,513.6927249,4.20E-08,8.57E-09,1.11E-07,4.62E-06,1.79E-05,2.23E-05,1.35E-05,9.81E-09,1.08E-09,6.07E-05,7.68E-06,MBA,0.44483
a0000146,2000146,   146 Lucina,146,Lucina,,N,N,8.4,160.31,0.036,1.21,JPL 94,2459000.5,59000,20200531,J2000,0.067040833,2.717325178,2.535153433,13.10117742,83.945421,145.7333885,147.2778512,2.899496923,0.220034943,2458331.162,20180731.66,1636.103773,4.479408003,1.53209,596.2434653,2.69E-08,7.27E-09,7.37E-08,2.83E-06,1.55E-05,3.29E-05,2.86E-05,7.76E-09,8.83E-10,0.00013017,6.57E-06,MBA,0.45939
a0000147,2000147,   147 Protogeneia,147,Protogeneia,,N,N,8.7,132.93,0.0492,5.1,JPL 53,2459000.5,59000,20200531,J2000,0.023683954,3.135853562,3.061584149,1.933261957,248.2655752,100.5354351,341.2732777,3.210122975,0.177488579,2459106.009,20200913.51,2028.299519,5.553181434,2.05484,799.6820828,3.21E-08,1.25E-08,9.91E-08,3.78E-06,0.00010605,0.00013285,8.09E-05,1.28E-08,1.06E-09,0.00045609,1.21E-05,MBA,0.44913
a0000148,2000148,   148 Gallia,148,Gallia,,N,N,7.6,97.75,0.164,3.7,JPL 47,2459000.5,59000,20200531,J2000,0.18722539,2.77152632,2.252626225,25.29192458,145.0008449,252.7195664,89.54911014,3.290426415,0.213611959,2458581.286,20190407.79,1685.298902,4.614096924,1.37367,534.5911539,2.97E-08,6.35E-09,8.11E-08,4.67E-06,7.16E-06,1.44E-05,1.37E-05,7.54E-09,7.34E-10,6.37E-05,5.79E-06,MBA,0.45591
a0000149,2000149,   149 Medusa,149,Medusa,,N,N,10.5,23.719,0.152,0.267,JPL 40,2459000.5,59000,20200531,J2000,0.064922649,2.174483563,2.033310329,0.939501448,159.6023743,251.2995899,350.2194269,2.315656797,0.307375947,2459032.32,20200701.82,1171.204199,3.206582338,1.04375,406.1961875,3.10E-08,5.10E-09,6.84E-08,4.44E-06,0.00019746,0.00020058,3.58E-05,5.44E-09,1.08E-09,0.00011656,4.12E-06,MBA,0.43991
a0000150,2000150,   150 Nuwa,150,Nuwa,,N,N,8.5,119.128,0.052,1.869,JPL 84,2459000.5,59000,20200531,J2000,0.123351606,2.983795937,2.615739916,2.20109996,206.1447301,153.489364,43.74865049,3.351851958,0.191227522,2458771.722,20191015.22,1882.574207,5.154207275,1.61255,627.5560835,3.11E-08,9.44E-09,9.35E-08,3.79E-06,8.88E-05,9.02E-05,1.63E-05,1.06E-08,9.07E-10,8.48E-05,8.93E-06,MBA,0.47724
a0000151,2000151,   151 Abundantia,151,Abundantia,,N,N,9.2,39.037,0.233,0.512,JPL 38,2459000.5,59000,20200531,J2000,0.033819012,2.593787483,2.506068152,6.430000342,38.82873312,133.2894424,110.1493296,2.681506813,0.235940496,2458533.648,20190219.15,1525.808437,4.17743583,1.51323,588.9037191,4.04E-08,7.84E-09,1.05E-07,4.61E-06,3.64E-05,7.46E-05,6.43E-05,8.11E-09,1.07E-09,0.00027252,6.92E-06,MBA,0.44621
a0000152,2000152,   152 Atala,152,Atala,,N,N,8.3,58.964,0.257,0.51,JPL 40,2459000.5,59000,20200531,J2000,0.080976206,3.137731361,2.88364978,12.12400984,39.89973639,59.2047241,301.1638175,3.391812943,0.177329274,2459332.291,20210427.79,2030.121659,5.558170181,1.9223,748.101491,3.89E-08,1.63E-08,1.27E-07,5.37E-06,2.04E-05,3.88E-05,3.37E-05,1.77E-08,1.38E-09,0.00019107,1.58E-05,MBA,0.4112
a0000153,2000153,   153 Hilda,153,Hilda,,N,N,7.6,170.63,0.0618,3.3,JPL 41,2459000.5,59000,20200531,J2000,0.140283377,3.979001314,3.420813575,7.824732846,228.131892,39.05005486,224.9811884,4.537189054,0.124177511,2460087.805,20230523.3,2899.075667,7.937236597,2.41011,937.9425087,4.21E-08,2.82E-08,1.67E-07,4.50E-06,3.21E-05,3.58E-05,1.90E-05,3.21E-08,1.32E-09,0.00015968,3.08E-05,OMB,0.43999
a0000154,2000154,   154 Bertha,154,Bertha,,N,N,7.7,192.611,0.044,2.189,JPL 40,2459000.5,59000,20200531,J2000,0.076735488,3.19509408,2.949916978,20.97364351,36.72605957,160.4968443,5.655278241,3.440271183,0.172575285,2458967.73,20200428.23,2086.046105,5.71128297,1.95131,759.3913127,4.70E-08,1.40E-08,1.51E-07,5.11E-06,1.23E-05,3.33E-05,3.09E-05,1.51E-08,1.14E-09,0.00017909,1.37E-05,MBA,0.42975
a0000155,2000155,   155 Scylla,155,Scylla,,N,N,11.2,39.605,0.027,0.198,JPL 36,2459000.5,59000,20200531,J2000,0.275780736,2.759568179,1.998532435,11.37060184,40.95338341,46.06285319,175.0298816,3.520603922,0.215001941,2458186.415,20180308.91,1674.403485,4.584266901,1.03225,401.7207325,3.38E-08,8.43E-09,9.40E-08,5.11E-06,1.75E-05,1.96E-05,8.69E-06,1.08E-08,9.86E-10,3.85E-05,7.68E-06,MBA,0.42023
a0000156,2000156,   156 Xanthippe,156,Xanthippe,,N,N,8.7,143.346,0.03,0.903,JPL 165,2459000.5,59000,20200531,J2000,0.226809069,2.728019126,2.109279648,9.780587816,241.8326464,338.3125493,209.2866568,3.346758604,0.218742392,2459689.499,20220420,1645.771522,4.505876857,1.10408,429.6748136,3.32E-08,8.50E-09,9.11E-08,3.83E-06,2.21E-05,2.35E-05,9.27E-06,1.04E-08,1.02E-09,4.39E-05,7.69E-06,MBA,0.42881
a0000157,2000157,   157 Dejanira,157,Dejanira,,N,N,11.1,19.959,0.173,2.476,36,2459000.5,59000,20200531,J2000,0.197299776,2.579741175,2.070758819,12.16186041,62.04384073,46.50334562,284.5746726,3.088723531,0.237870108,2459317.586,20210413.09,1513.431016,4.143548299,1.10694,430.7878398,4.21E-08,9.70E-09,1.09E-07,4.44E-06,2.20E-05,2.43E-05,1.18E-05,1.16E-08,1.34E-09,5.03E-05,8.54E-06,MBA,0.44029
a0000158,2000158,   158 Koronis,158,Koronis,,N,N,9.2,39.025,0.213,0.462,JPL 31,2459000.5,59000,20200531,J2000,0.052075152,2.867791222,2.718450558,1.005670453,277.7032752,146.4082147,295.2741198,3.017131886,0.202947066,2459319.43,20210414.93,1773.861564,4.856568279,1.73168,673.9179056,3.72E-08,1.08E-08,1.06E-07,4.18E-06,0.00024442,0.0002482,4.35E-05,1.14E-08,1.15E-09,0.00021447,1.00E-05,MBA,0.47685
a0000159,2000159,   159 Aemilia,159,Aemilia,,N,N,8.3,125.236,0.064,1.191,JPL 98,2459000.5,59000,20200531,J2000,0.106723153,3.102132405,2.771063053,6.13107783,134.1158027,333.1959156,106.636907,3.433201757,0.180390465,2458409.355,20181017.86,1995.67089,5.463849117,1.78948,696.4119316,3.22E-08,1.12E-08,1.01E-07,3.21E-06,3.43E-05,3.79E-05,1.64E-05,1.24E-08,9.79E-10,9.06E-05,1.08E-05,MBA,0.44017
a0000160,2000160,   160 Una,160,Una,,N,N,9.1,81.24,0.0625,2.1,JPL 36,2459000.5,59000,20200531,J2000,0.067037827,2.727277346,2.5444466,3.824128312,8.586246992,52.13552107,91.55738089,2.910108092,0.218831641,2458582.108,20190408.61,1645.100311,4.504039182,1.55892,606.6848964,3.36E-08,8.32E-09,9.17E-08,4.26E-06,5.51E-05,6.40E-05,3.20E-05,8.88E-09,1.00E-09,0.0001464,7.53E-06,MBA,0.45626
a0000161,2000161,   161 Athor,161,Athor,,N,N,9.1,40.992,0.23,0.694,JPL 83,2459000.5,59000,20200531,J2000,0.137559113,2.379611764,2.05227448,9.057057535,18.56556599,294.6780931,5.09647874,2.706949049,0.268500385,2458981.519,20200512.02,1340.7802,3.670856126,1.05861,411.9792537,3.30E-08,7.02E-09,8.13E-08,4.37E-06,2.14E-05,2.84E-05,2.12E-05,7.98E-09,1.19E-09,7.90E-05,5.93E-06,MBA,0.47191
a0000162,2000162,   162 Laurentia,162,Laurentia,,N,N,8.9,97.021,0.051,0.493,44,2459000.5,59000,20200531,J2000,0.181515816,3.014535823,2.467349894,6.091834034,35.45556325,115.9172008,203.6345505,3.561721752,0.188310007,2459830.862,20220908.36,1911.741204,5.23406216,1.48535,578.0536595,3.37E-08,1.01E-08,1.02E-07,4.02E-06,3.68E-05,3.86E-05,1.19E-05,1.19E-08,9.45E-10,6.46E-05,9.60E-06,MBA,0.41115
a0000163,2000163,   163 Erigone,163,Erigone,,N,N,9.7,81.579,0.027,0.444,JPL 122,2459000.5,59000,20200531,J2000,0.19194851,2.36623689,1.912041246,4.815900633,160.0471382,298.7456077,298.424845,2.820432534,0.270780099,2459227.899,20210113.4,1329.492091,3.639950967,0.93433,363.6132061,2.94E-08,4.45E-09,6.91E-08,3.51E-06,3.19E-05,3.30E-05,9.22E-06,5.30E-09,7.64E-10,3.42E-05,3.75E-06,MBA,0.43065
a0000164,2000164,   164 Eva,164,Eva,,N,N,8.8,100.254,0.049,0.937,JPL 76,2459000.5,59000,20200531,J2000,0.34679237,2.631445927,1.718880557,24.47377851,76.81450159,284.0296541,182.5899797,3.544011296,0.230893868,2459768.862,20220708.36,1559.157909,4.268741709,0.879404,342.2376547,3.47E-08,1.01E-08,9.20E-08,4.11E-06,1.02E-05,1.19E-05,1.01E-05,1.37E-08,1.34E-09,4.66E-05,9.02E-06,MBA,0.38983
a0000165,2000165,   165 Loreley,165,Loreley,,N,N,7.8,180.083,0.047,2.064,JPL 45,2459000.5,59000,20200531,J2000,0.085449856,3.127255275,2.860031762,11.23775056,302.4484006,345.6759395,17.22122707,3.394478787,0.178221081,2458903.872,20200224.37,2019.96306,5.530357455,1.84526,718.1198342,3.91E-08,1.34E-08,1.26E-07,4.41E-06,1.80E-05,2.85E-05,2.35E-05,1.46E-08,1.15E-09,0.00013178,1.30E-05,MBA,0.40809
a0000166,2000166,   166 Rhodope,166,Rhodope,,N,N,9.9,52.393,0.046,0.196,JPL 34,2459000.5,59000,20200531,J2000,0.211887943,2.684202123,2.115452056,12.02987215,128.9157314,264.3227867,188.8844358,3.25295219,0.224120329,2459763.999,20220703.5,1606.279994,4.397754945,1.1611,451.865287,3.64E-08,8.67E-09,9.85E-08,3.80E-06,2.00E-05,2.18E-05,1.05E-05,1.05E-08,1.09E-09,4.84E-05,7.78E-06,MBA,0.4245
a0000167,2000167,   167 Urda,167,Urda,,N,N,9.2,39.935,0.223,0.264,JPL 34,2459000.5,59000,20200531,J2000,0.037806027,2.854407884,2.746494063,2.212391681,166.1890721,131.9739583,324.993795,2.962321705,0.204376061,2459171.783,20201118.28,1761.458742,4.822611203,1.73135,673.7894795,3.73E-08,9.78E-09,1.08E-07,4.01E-06,0.00010398,0.00011645,5.34E-05,1.02E-08,1.05E-09,0.00026169,9.06E-06,MBA,0.46251
a0000168,2000168,   168 Sibylla,168,Sibylla,,N,N,8.1,145.366,0.056,3.219,JPL 43,2459000.5,59000,20200531,J2000,0.07406998,3.373861224,3.123959393,4.669318207,205.9600208,175.3661175,32.68465969,3.623763056,0.159042521,2458794.991,20191107.49,2263.545607,6.197250123,2.1267,827.647839,4.08E-08,1.46E-08,1.43E-07,4.45E-06,4.89E-05,5.58E-05,2.64E-05,1.57E-08,1.04E-09,0.00016604,1.47E-05,OMB,0.44459
a0000169,2000169,   169 Zelia,169,Zelia,,N,N,9.5,37.517,0.188,0.706,JPL 32,2459000.5,59000,20200531,J2000,0.131147075,2.357738302,2.04852782,5.500080463,354.7495798,334.9978207,270.6120324,2.666948785,0.272245479,2459328.836,20210424.34,1322.336011,3.620358688,1.03936,404.4877312,3.74E-08,5.75E-09,8.87E-08,4.35E-06,3.79E-05,4.08E-05,1.64E-05,6.50E-09,9.96E-10,6.07E-05,4.84E-06,MBA,0.44657
a0000170,2000170,   170 Maria,170,Maria,,N,N,9.4,33.136,0.282,0.831,JPL 41,2459000.5,59000,20200531,J2000,0.063495466,2.553287575,2.391165391,14.37880489,301.296648,158.2681799,67.20213581,2.715409759,0.241576384,2458722.318,20190826.82,1490.211891,4.0799778,1.41217,549.5741989,3.41E-08,7.15E-09,8.69E-08,4.32E-06,1.76E-05,4.73E-05,4.22E-05,7.61E-09,1.02E-09,0.0001748,6.26E-06,MBA,0.41393
a0000171,2000171,   171 Ophelia,171,Ophelia,,N,N,8.6,130.808,0.076,1.483,JPL 111,2459000.5,59000,20200531,J2000,0.132047481,3.130117395,2.716793277,2.546746702,100.4765928,55.98180926,261.2654696,3.543441514,0.177976694,2459555.261,20211206.76,2022.736755,5.537951416,1.72752,672.2989584,3.44E-08,1.03E-08,1.08E-07,3.41E-06,8.91E-05,9.01E-05,1.40E-05,1.17E-08,8.82E-10,7.95E-05,1.00E-05,MBA,0.43737
a0000172,2000172,   172 Baucis,172,Baucis,,N,N,8.7,62.43,0.1382,1.2,JPL 74,2459000.5,59000,20200531,J2000,0.114324025,2.379692415,2.107636401,10.02031833,331.9167711,359.7120369,190.7777102,2.651748429,0.268486736,2459630.782,20220220.28,1340.848364,3.671042748,1.09701,426.9233817,4.18E-08,5.41E-09,9.93E-08,4.66E-06,2.28E-05,2.91E-05,1.87E-05,6.03E-09,9.16E-10,7.01E-05,4.58E-06,MBA,0.45412
a0000173,2000173,   173 Ino,173,Ino,,N,N,8,125.821,0.096,1.489,JPL 94,2459000.5,59000,20200531,J2000,0.208922392,2.742915109,2.169858722,14.1980647,148.1681914,228.8328059,120.8690796,3.315971495,0.216962923,2458443.404,20181120.9,1659.269678,4.542832795,1.19626,465.5485042,2.85E-08,7.33E-09,7.64E-08,4.06E-06,1.09E-05,1.51E-05,1.13E-05,8.86E-09,8.70E-10,5.12E-05,6.65E-06,MBA,0.46749
a0000174,2000174,   174 Phaedra,174,Phaedra,,N,N,8.3,64.849,0.169,0.392,JPL 51,2459000.5,59000,20200531,J2000,0.141161426,2.861916562,2.45792434,12.12324734,327.6570344,289.5067494,255.2908072,3.265908784,0.203572271,2459514.859,20211027.36,1768.413733,4.84165293,1.47496,574.0101832,3.80E-08,1.04E-08,1.09E-07,4.41E-06,1.97E-05,2.55E-05,1.82E-05,1.19E-08,1.11E-09,9.02E-05,9.67E-06,MBA,0.45167
a0000175,2000175,   175 Andromache,175,Andromache,,N,N,8.4,94.532,0.094,1.084,JPL 46,2459000.5,59000,20200531,J2000,0.233241986,3.183538033,2.441003299,3.218514372,21.33500213,320.1460246,278.9672839,3.926072768,0.173515793,2459467.505,20210910,2074.739097,5.680326069,1.434,558.06978,3.55E-08,9.54E-09,1.16E-07,4.25E-06,7.63E-05,7.68E-05,1.14E-05,1.18E-08,7.80E-10,6.67E-05,9.32E-06,MBA,0.43319
a0000176,2000176,   176 Iduna,176,Iduna,,N,N,8.2,106.976,0.106,1.08,JPL 47,2459000.5,59000,20200531,J2000,0.170928929,3.182231017,2.638295677,22.6697684,200.4915036,188.5553142,47.82971032,3.726166356,0.173622705,2458725.019,20190829.52,2073.461537,5.6768283,1.64416,639.8577472,3.16E-08,9.94E-09,1.01E-07,3.46E-06,9.94E-06,1.48E-05,1.08E-05,1.16E-08,8.14E-10,6.19E-05,9.72E-06,MBA,0.43401
a0000177,2000177,   177 Irma,177,Irma,,N,N,9.6,69.049,0.061,0.649,JPL 85,2459000.5,59000,20200531,J2000,0.233641161,2.770853528,2.123468094,1.382254495,346.9778577,39.35551068,340.3507654,3.418238962,0.213689765,2459092.452,20200830.95,1684.685276,4.612416909,1.12803,438.9954351,3.54E-08,9.68E-09,9.76E-08,4.30E-06,0.0001615,0.00016174,1.05E-05,1.19E-08,1.12E-09,4.94E-05,8.83E-06,MBA,0.47931
a0000178,2000178,   178 Belisana,178,Belisana,,N,N,9.4,35.81,0.2438,0.9,JPL 40,2459000.5,59000,20200531,J2000,0.042889552,2.459928703,2.354423463,1.893683273,51.0928338,211.3572188,118.5166731,2.565433943,0.255458463,2458536.563,20190222.06,1409.23106,3.858264368,1.33905,521.1180885,3.60E-08,6.96E-09,8.80E-08,4.06E-06,0.00012671,0.00013673,5.17E-05,7.26E-09,1.08E-09,0.00020218,5.98E-06,MBA,0.46459
a0000179,2000179,   179 Klytaemnestra,179,Klytaemnestra,,N,N,8.1,69.946,0.198,0.518,JPL 31,2459000.5,59000,20200531,J2000,0.110185139,2.972150328,2.64466353,7.818348549,251.8652306,103.71708,348.0182884,3.299637127,0.192352536,2459062.79,20200801.29,1871.563576,5.124061811,1.65449,643.8778733,4.07E-08,1.32E-08,1.22E-07,4.84E-06,3.39E-05,4.08E-05,2.40E-05,1.47E-08,1.28E-09,0.00012483,1.25E-05,MBA,0.497
a0000180,2000180,   180 Garumna,180,Garumna,,N,N,10.2,23.44,0.242,0.414,JPL 31,2459000.5,59000,20200531,J2000,0.167389328,2.720860833,2.265417768,0.86779067,311.8667482,176.1796077,248.973623,3.176303899,0.219606192,2459506.07,20211018.57,1639.298043,4.488153437,1.28049,498.3282933,3.74E-08,9.34E-09,1.01E-07,4.37E-06,0.00026241,0.0002627,1.40E-05,1.09E-08,1.13E-09,6.50E-05,8.45E-06,MBA,0.46683
a0000181,2000181,   181 Eucharis,181,Eucharis,,N,N,7.9,115.383,0.101,1.464,JPL 69,2459000.5,59000,20200531,J2000,0.206790717,3.124488678,2.478373425,18.89346293,143.0198638,318.9291754,281.9223372,3.770603932,0.178457844,2459438.013,20210811.51,2017.283145,5.523020246,1.52406,593.1184302,3.55E-08,1.16E-08,1.11E-07,4.49E-06,1.12E-05,1.47E-05,1.11E-05,1.39E-08,9.90E-10,6.32E-05,1.12E-05,MBA,0.41353
a0000182,2000182,   182 Elsa,182,Elsa,,N,N,9.1,39.52,0.196,0.387,JPL 103,2459000.5,59000,20200531,J2000,0.186482219,2.416075104,1.965520057,2.005421638,107.1839277,310.8437332,27.09470483,2.866630152,0.262445076,2458897.26,20200217.76,1371.715583,3.755552589,0.978468,380.7903916,3.43E-08,5.80E-09,8.31E-08,3.98E-06,0.00012604,0.0001266,1.24E-05,6.88E-09,9.45E-10,4.72E-05,4.94E-06,MBA,0.51539
a0000183,2000183,   183 Istria,183,Istria,,N,N,9.6,32.927,0.227,0.168,JPL 41,2459000.5,59000,20200531,J2000,0.349769154,2.792681089,1.815887388,26.38815454,141.9040498,264.0825552,230.8424325,3.769474791,0.211189371,2459612.072,20220201.57,1704.63124,4.667025981,1.0128,394.151376,3.56E-08,9.68E-09,9.86E-08,4.09E-06,9.52E-06,1.10E-05,8.91E-06,1.31E-08,1.10E-09,4.45E-05,8.86E-06,MBA,0.38902
a0000184,2000184,   184 Dejopeja,184,Dejopeja,,N,N,8.4,62.483,0.215,0.32,JPL 84,2459000.5,59000,20200531,J2000,0.065930396,3.186591878,2.976498615,1.143320113,331.561841,210.3940146,0.914980892,3.396685142,0.173266422,2458995.219,20200525.72,2077.725138,5.688501405,1.979,770.16743,3.88E-08,1.35E-08,1.24E-07,4.31E-06,0.00019971,0.00020206,3.08E-05,1.44E-08,1.10E-09,0.000178,1.32E-05,MBA,0.44649
a0000185,2000185,   185 Eunike,185,Eunike,,N,N,7.7,160.464,0.062,2.016,JPL 86,2459000.5,59000,20200531,J2000,0.128442894,2.739787276,2.387881069,23.23849991,153.7831711,223.4859821,272.6385174,3.091693483,0.217334568,2459402.468,20210706.97,1656.432311,4.535064507,1.42111,553.0533787,3.31E-08,7.16E-09,9.03E-08,4.04E-06,9.34E-06,1.85E-05,1.76E-05,8.08E-09,8.52E-10,8.19E-05,6.50E-06,MBA,0.41358
a0000186,2000186,   186 Celuta,186,Celuta,,N,N,9.1,49.99,0.1929,1.6,JPL 72,2459000.5,59000,20200531,J2000,0.150321422,2.361842697,2.006807143,13.18435006,14.7529968,315.5296337,295.550151,2.716878251,0.271536127,2459237.853,20210123.35,1325.790434,3.629816382,1.0193,396.680981,4.37E-08,6.95E-09,1.04E-07,5.52E-06,1.75E-05,2.41E-05,1.82E-05,8.00E-09,1.20E-09,6.73E-05,5.85E-06,MBA,0.4508
a0000187,2000187,   187 Lamberta,187,Lamberta,,N,N,8.3,147.294,0.044,1.389,JPL 90,2459000.5,59000,20200531,J2000,0.241295618,2.727125382,2.069081979,10.58457664,21.69147863,196.8222874,163.9267712,3.385168785,0.218849932,2458251.463,20180512.96,1644.962815,4.503662739,1.0647,414.349299,3.39E-08,7.79E-09,9.09E-08,3.34E-06,1.72E-05,1.84E-05,8.25E-06,9.67E-09,9.38E-10,3.66E-05,7.05E-06,MBA,0.45652
a0000188,2000188,   188 Menippe,188,Menippe,,N,N,9.4,35.752,0.242,0.371,JPL 63,2459000.5,59000,20200531,J2000,0.17939717,2.760638773,2.26538799,11.70492515,240.8944614,70.1707179,287.3670493,3.255889556,0.214876885,2459338.521,20210504.02,1675.377975,4.586934908,1.2827,499.188359,3.99E-08,9.47E-09,1.12E-07,4.39E-06,2.12E-05,2.41E-05,1.34E-05,1.12E-08,1.11E-09,6.32E-05,8.62E-06,MBA,0.43695
a0000189,2000189,   189 Phthia,189,Phthia,,N,N,9.3,38.49,0.17,0.317,JPL 76,2459000.5,59000,20200531,J2000,0.035661347,2.450068801,2.362696047,5.175021147,203.3578434,168.1126569,336.5911598,2.537441555,0.257002089,2459091.584,20200830.08,1400.766823,3.835090549,1.36242,530.2129914,3.83E-08,6.52E-09,9.50E-08,4.28E-06,4.64E-05,7.76E-05,6.31E-05,6.75E-09,1.03E-09,0.00024554,5.59E-06,MBA,0.48007
a0000190,2000190,   190 Ismene,190,Ismene,,N,N,7.7,159,0.066,,JPL 104,2459000.5,59000,20200531,J2000,0.166707924,3.986862469,3.322220905,6.176684878,175.4558551,271.1249638,308.8280948,4.651504033,0.123810419,2459413.809,20210718.31,2907.671291,7.960770134,2.34663,913.2379971,3.80E-08,2.98E-08,1.60E-07,4.96E-06,3.94E-05,4.23E-05,1.83E-05,3.48E-08,1.39E-09,0.00015048,3.26E-05,OMB,0.47367
a0000191,2000191,   191 Kolga,191,Kolga,,N,N,9,94.536,0.046,0.433,JPL 103,2459000.5,59000,20200531,J2000,0.089995092,2.896592915,2.63591377,11.50651828,159.2557899,226.2249526,247.3299247,3.15727206,0.199927658,2459564.054,20211215.55,1800.651317,4.929914625,1.65163,642.7648471,8.07E-09,9.01E-09,2.00E-08,2.28E-07,1.66E-06,1.17E-05,1.17E-05,9.82E-09,9.33E-10,5.89E-05,8.40E-06,MBA,0.32428
a0000192,2000192,   192 Nausikaa,192,Nausikaa,,N,N,7.3,98.776,0.327,1.237,JPL 106,2459000.5,59000,20200531,J2000,0.245256162,2.403337756,1.813904363,6.798427969,343.0993215,30.67382542,104.0022741,2.99277115,0.26453422,2458607.348,20190503.85,1360.882536,3.725893321,0.817786,318.2577776,2.54E-08,2.96E-09,6.07E-08,3.28E-06,2.90E-05,3.00E-05,8.35E-06,3.68E-09,4.88E-10,3.12E-05,2.51E-06,MBA,0.53347
a0000193,2000193,   193 Ambrosia,193,Ambrosia,,N,N,9.7,26.302,0.343,0.202,JPL 36,2459000.5,59000,20200531,J2000,0.297141544,2.599717671,1.827233549,11.99350138,349.5131962,82.49982622,299.2485118,3.372201794,0.235133655,2459258.87,20210213.37,1531.044121,4.191770352,0.886108,344.8466504,4.23E-08,6.97E-09,1.09E-07,4.40E-06,2.27E-05,2.36E-05,6.77E-06,9.04E-09,9.46E-10,2.91E-05,6.16E-06,MBA,0.34648
a0000194,2000194,   194 Prokne,194,Prokne,,N,N,7.8,161.667,0.057,1.252,JPL 128,2459000.5,59000,20200531,J2000,0.238044468,2.615586921,1.992960925,18.51108716,159.2675466,162.9949843,8.815509009,3.238212917,0.232997005,2458962.665,20200423.16,1545.084239,4.2302101,0.987698,384.3824307,2.87E-08,5.10E-09,7.50E-08,3.46E-06,1.05E-05,1.28E-05,9.00E-06,6.32E-09,6.82E-10,3.86E-05,4.52E-06,MBA,0.46693
a0000195,2000195,   195 Eurykleia,195,Eurykleia,,N,N,9.2,93.109,0.051,0.719,JPL 40,2459000.5,59000,20200531,J2000,0.043359578,2.877101651,2.752351737,6.970582201,6.973411686,118.373188,37.03205762,3.001851565,0.201962745,2458817.139,20191129.64,1782.506968,4.880238105,1.77512,690.8234504,3.43E-08,9.41E-09,9.99E-08,4.36E-06,3.05E-05,5.93E-05,5.00E-05,9.81E-09,9.90E-10,0.00024761,8.74E-06,MBA,0.41498
a0000196,2000196,   196 Philomela,196,Philomela,,N,N,6.5,144.626,0.342,4.085,JPL 110,2459000.5,59000,20200531,J2000,0.015724069,3.114626367,3.065651766,7.262362347,72.32446698,201.1711813,162.1308994,3.163600968,0.179306131,2458096.287,20171208.79,2007.739487,5.496891136,2.05073,798.0825941,3.66E-08,7.32E-09,1.13E-07,4.04E-06,2.99E-05,0.00012692,0.00012349,7.44E-09,6.32E-10,0.00068818,7.08E-06,MBA,0.44962
a0000197,2000197,   197 Arete,197,Arete,,N,N,9.4,31.729,0.373,0.449,JPL 39,2459000.5,59000,20200531,J2000,0.164435964,2.740095343,2.289525124,8.79328452,81.60587516,245.9375106,325.3898773,3.190665561,0.217297916,2459159.775,20201106.27,1656.711697,4.535829425,1.2946,503.819482,3.61E-08,8.06E-09,9.98E-08,4.00E-06,2.73E-05,3.00E-05,1.45E-05,9.39E-09,9.59E-10,6.71E-05,7.31E-06,MBA,0.43619
a0000198,2000198,   198 Ampella,198,Ampella,,N,N,8.5,54.323,0.268,0.343,JPL 74,2459000.5,59000,20200531,J2000,0.227136069,2.459257379,1.900671326,9.320996637,268.2593246,89.14691618,128.3155329,3.017843431,0.255563072,2458498.411,20190114.91,1408.654223,3.856685072,0.924224,359.6802541,3.22E-08,4.42E-09,7.88E-08,4.34E-06,2.30E-05,2.53E-05,1.13E-05,5.42E-09,6.88E-10,4.35E-05,3.79E-06,MBA,0.42137
a0000199,2000199,   199 Byblis,199,Byblis,,N,N,8.5,76.129,0.107,0.594,JPL 107,2459000.5,59000,20200531,J2000,0.180541869,3.165432366,2.593939291,15.48087584,88.58171456,180.3554177,331.3054972,3.736925442,0.175006636,2459164.462,20201110.96,2057.064858,5.63193664,1.57787,614.0596679,4.32E-08,1.24E-08,1.41E-07,4.71E-06,1.66E-05,2.07E-05,1.45E-05,1.47E-08,1.03E-09,8.32E-05,1.21E-05,MBA,0.41962